feature,count,missing,sum,mean,median,mode,min,q1,q3,max,variance,std,cv,skew,kurtosis
IND_CLS,1209170,0,18334343.0,15.162750481735404,14.0,29.0,0.0,7.0,23.0,30.0,86.39057306666629,9.294652928790095,0.6129925398420396,0.2242547023806734,-1.2649634052115801
FUND_CAP,1209170,0,16905525.657614995,13.981099148684631,13.97876,14.266822,10.723708,13.434132,14.550744,17.808867,0.6736314872132977,0.8207505633341337,0.0587042946055748,0.025243221186374776,0.349490787412277
FUND_EP,1209170,0,49084.00650293902,0.04059313951134995,0.0303859925,0.0,0.0,0.014335997999999999,0.054246627500000005,0.7149496,0.001565883289160672,0.03957124320969297,0.9748258864931781,2.2161742666828133,8.175342127514744
FUND_BP,1209170,0,615499.2732770009,0.509026252120877,0.42468256,0.0,0.0,0.23686579,0.6946374,44.247787,0.14586462224162494,0.3819222725131711,0.7502997555074569,12.690281738569771,1292.8144113604537
TS_KLEN,1209170,0,43486.20633353113,0.03596368280186502,0.030171074,0.0,0.0,0.02022935725,0.04519774,0.4037037,0.0005046773745325378,0.022465025584951774,0.6246586510263284,1.6728504872660725,4.137661920566207
TS_KMID1,1209170,0,1315.942590541601,0.0010883023814199832,0.0,0.0,-0.35197818,-0.01198832175,0.012396694,0.24760765,0.0006327095560351335,0.025153718532955192,23.112802987838176,0.5021335353568362,3.5681042141120676
TS_KMID2,1209170,0,-8095.205322713801,-0.0066948446642852545,0.0,0.0,-1.0,-0.45614034,0.43362832,1.0,0.2730500266787186,0.5225418898793843,-78.05138372619302,-0.024100408771021903,-1.1266461615849857
TS_KUP1,1209170,0,11693.235147316449,0.009670464159147555,0.0068649887,0.0,0.0,0.0028680689,0.013201321,0.32962963,0.00010145758920631543,0.010072615807540533,1.0415855580223181,2.3183017476622125,9.863239885321978
TS_KUP2,1209170,0,340012.67389289953,0.2811950957209487,0.25,0.0,0.0,0.10638298,0.42857143,1.0,0.046094103190131616,0.21469537300587457,0.7635103750846819,0.6082529641723646,-0.35490762776914364
TS_KLOW1,1209170,0,10478.017893689712,0.008665462998329194,0.0063666267,0.0,0.0,0.002945508,0.011659541,0.17215376,7.513197885904011e-05,0.00866787049159366,1.0002778262702097,2.455775264589694,11.154667662616887
TS_KLOW2,1209170,0,322064.48867756064,0.2663517029677884,0.22745938999999998,0.0,0.0,0.1,0.4,1.0,0.04250244849480747,0.2061612196675395,0.7740187780683043,0.7430912045003366,-0.052999139667519124
TS_KSFT1,1209170,0,100.72533812838512,8.330122160522104e-05,-4.23050845e-16,0.0,-0.36666667,-0.014634146,0.013523932249999999,0.26435408,0.0007268831600936611,0.026960770762232692,323.6539662047751,0.4277668867062269,3.4722723239638906
TS_KSFT2,1209170,0,-26043.390718819333,-0.02153823756694206,-4.5699355e-14,1.0,-1.0,-0.54636785,0.5,1.0,0.3525421013472238,0.5937525590237265,-27.56736976172307,0.04945389922484656,-1.2076831060287267
TS_OPEN0,1209168,2,1208363.7264846503,0.9993348537876046,1.0,1.0,0.7048105,0.99537253,1.0030864,1.3315136,0.00014686996948528694,0.0121189920985735,0.01212705836551282,0.20367878518793114,24.31561979348886
TS_HIGH0,1209170,0,1231155.0007695996,1.0181818940013394,1.0135136,1.0,1.0,1.0064378,1.02457,1.5431579,0.0002929683717508025,0.01711631887266659,0.016810669069552392,2.1888047924760214,8.76938573627784
TS_LOW0,1209170,0,1187798.59737702,0.982325559993235,0.9877095,1.0,0.7879902,0.9763514,0.99425286,1.0,0.00030970424447995364,0.017598415965079175,0.017915054521436224,-2.1442873488259244,6.519694706845206
TS_MFD_VOLINFLOWRATE,1208541,629,-79799.31833734646,-0.06602946721488676,-0.0601418,-1.0,-1.0,-0.17876396,0.050487697,1.0,0.03602418576110436,0.189800383985661,-2.87448001614148,-0.13310580408228412,2.3919038091340696
CS_ROC5,1209160,10,1211321.3981415804,1.00178752037909,1.00071095,1.0,0.45835295,0.9702233,1.032258,2.0905406,0.0038248515789006824,0.06184538445915493,0.06173503183165208,0.25033058173800576,4.558543048512664
CS_ROC10,1209150,20,1213463.56943437,1.0035674394693543,1.0016892,1.0,0.38521636,0.9575597,1.0474198,2.8697674,0.007465075208390363,0.08640066671264963,0.08609353324409846,0.37133991466439453,5.107105352751562
CS_ROC20,1209116,54,1218224.8047092601,1.0075334415467665,1.0057603,1.0,0.24871491,0.9397258275,1.07241885,3.3405516,0.014639156007246851,0.12099237995529658,0.12008770623985338,0.4346739395925525,5.06156262187576
CS_ROC30,1209069,101,1223501.98779991,1.0119372738858659,1.0104338,1.0,0.16049092,0.9280937,1.0916399,4.9114585,0.0216625978014159,0.147182192541815,0.1454459642311934,0.614184965506586,8.21902145672142
CS_ROC60,1208605,565,1236660.07226589,1.0232127719692454,1.0206718,1.0,0.05680815,0.90285796,1.1332278,6.4183006,0.04240562381525046,0.20592625819756563,0.20125458148967978,1.1337178346231516,16.216065097215694
CS_MA5,1209170,0,1210014.69651039,1.000698575477716,1.0007055500000002,1.0,0.75156015,0.9861027,1.0151436,1.4943243,0.0009121551513323774,0.030201906418840144,0.030180822836109546,0.10811368737152008,4.360307505218855
CS_MA10,1209170,0,1211104.351982331,1.0015997353410446,1.0012423,1.0,0.62070155,0.9783582,1.0240105,1.9020946,0.0021487904492013834,0.04635504772084032,0.04628101035295944,0.21043224521247422,4.9660597702218325
CS_MA20,1209170,0,1213338.2728455698,1.003447218212137,1.0031707,1.0,0.4900541,0.9678306249999999,1.038244075,2.2813373,0.004558095336575857,0.06751366777605744,0.06728173296085066,0.2503539403142554,4.952334684024812
CS_MA30,1209170,0,1215771.8127738002,1.0054597887590664,1.0059354,1.0333333,0.42065305,0.96061605,1.0491207999999999,2.5318992,0.006902175346651275,0.08307933164542958,0.08262819913262338,0.2935781236431814,5.279541965981123
CS_MA60,1209170,0,1223341.0938570106,1.0117196869398104,1.01442745,1.0166667,0.29056183,0.9476506,1.074040975,3.7874115,0.013719147859719437,0.1171287661495648,0.11577195507962183,0.5490819296615131,8.980728210227483
CS_STD5,1209168,2,26473.57064746737,0.021894038419365523,0.017333278,0.0,0.0,0.01072883,0.0278790175,0.33787718,0.00027337152396354444,0.01653395064597522,0.7551804892856475,2.1630860043987767,8.208629512958986
CS_STD10,1209168,2,37022.01971876838,0.03061776338669927,0.024998421,0.008784105,0.00085466966,0.01619506,0.0386929,0.6235901,0.0004570830445717266,0.02137950056880952,0.6982711408011284,2.370771153491311,13.076527944403367
CS_STD20,1209168,2,52004.683089456026,0.04300864982323054,0.0362073965,0.011768779,0.0018549534,0.02389272475,0.054367941249999996,0.8414996,0.000794616400859196,0.02818894110922218,0.6554249255691887,2.5347411150050845,18.483917256639405
CS_STD30,1209168,2,63670.136807080606,0.0526561543202273,0.044907581,0.0056036944,0.0029296912,0.030147377,0.0662062325,1.0543556,0.0011154693001581544,0.03339864219033693,0.6342780368506175,2.8055264531448794,27.671818909826165
CS_STD60,1209168,2,89873.57791923043,0.07432679157836664,0.063876555,0.037647013,0.004921667,0.04417927,0.0925201825,2.07832,0.0021458045306974216,0.046322829476376136,0.6232319261021182,4.400309216647681,89.83327099199332
CS_SLOPE5,1209168,2,-432.2582806334584,-0.0003574840556758518,-0.00022573363,-0.009090909,-0.2088983,-0.00723316985,0.0066626377,0.13132411,0.00019940913021271529,0.014121229769843535,-39.501705168769654,-0.20226225141187906,4.508098132523042
CS_SLOPE10,1209168,2,-435.2926379334255,-0.00035999351449378874,-0.00014053579,-0.006060606,-0.20415598,-0.0050938235,0.004629906,0.07766595,9.302090557238002e-05,0.009644734603522278,-26.791412109422005,-0.3761515192909021,5.615586559334813
CS_SLOPE20,1209168,2,-449.45181994869307,-0.00037170336954723664,-0.000232936635,0.0007518797,-0.1359982,-0.003910773774999999,0.003312520575,0.0494871,4.459938291857655e-05,0.006678276942338986,-17.966683892248923,-0.4358080263220546,5.888037578602527
CS_SLOPE30,1209168,2,-477.323960690936,-0.00039475404632849696,-0.000329988435,-0.0013348165,-0.116914466,-0.0033277616500000003,0.00265660715,0.036648907,2.923393175240336e-05,0.005406841199110934,-13.696734078848678,-0.5341481240161864,7.540223908329728
CS_SLOPE60,1209168,2,-494.3396706488372,-0.00040882629266473906,-0.000398536635,-0.0013614893,-0.11534134,-0.0024722137,0.0017414044500000002,0.03161789,1.4411861028775674e-05,0.0037962956982795313,-9.285840383540867,-1.1021327023482985,20.6179583691931
CS_RESI5,1209168,2,19.54183146276331,1.6161386558992057e-05,-1.79702965e-13,-0.006666667,-0.17856677,-0.00670004185,0.0067761806,0.11641791,0.00017539464326442566,0.013243664268790025,819.4633684707803,-0.15516231086453958,3.204406971168571
CS_RESI10,1209168,2,23.49187152914541,1.942812870432017e-05,5.7606637e-05,-0.018181818,-0.3099375,-0.012887242,0.01319674675,0.2630883,0.0006450893741568897,0.025398609689447366,1307.3111711371132,-0.20460313617243225,3.40676702230816
CS_RESI20,1209168,2,99.2274030025407,8.206254466090792e-05,0.0010263689,0.014285714,-0.5677027,-0.020283533,0.02177728725,0.47135332,0.0016333732418601721,0.04041501258023028,492.49036508957727,-0.30914158323644514,3.5228374651206744
CS_RESI30,1209168,2,316.9769203756068,0.0002621446485315579,0.00199815735,-0.0021505377,-0.7590991,-0.02587284175,0.02883441725,0.58306605,0.0026460813144490386,0.0514400749848699,196.22782793018703,-0.3745375708771457,3.4789441238842906
CS_RESI60,1209168,2,412.5585801690505,0.00034119210909406346,0.003199448,-0.0076502734,-1.1541612,-0.03882634,0.0436227375,1.2362099,0.005749458911375546,0.07582518652384276,222.23604972921126,-0.388724127475533,4.5539638570950025
CS_RSQR5,1209128,42,602307.3486705414,0.49813365389813274,0.5372082,0.0,0.0,0.19767442,0.78383595,1.0,0.0991183147925693,0.31483061285804037,0.6320203631983928,-0.16887306906117458,-1.3500735115883034
CS_RSQR10,1209168,2,533236.7234050866,0.44099473638492465,0.45228789,0.0,0.0,0.1545825475,0.7088834,1.0,0.08866274650360116,0.29776290316894943,0.6752073859426873,-0.003924063142211977,-1.3512496439425368
CS_RSQR20,1209168,2,526420.2336420488,0.4353573975180031,0.45125102,0.0,0.0,0.1581731425,0.694095625,1.0,0.08390281875934989,0.2896598328373299,0.6653380291427153,-0.028716124601011292,-1.3353745555522634
CS_RSQR30,1209168,2,524147.20288639725,0.4334775671258231,0.446681585,0.0,0.0,0.15438988250000002,0.69444364,1.0,0.08445243076030601,0.2906070039766867,0.670408404069348,-0.01706120879180322,-1.3461866197246743
CS_RSQR60,1209168,2,510019.9627835414,0.4217941285111262,0.42712490999999997,0.5775856,0.0,0.14136443,0.681459765,1.0,0.0843428501244457,0.29041840527839435,0.6885311711273231,0.03964266721902149,-1.339916316002208
CS_MAX5,1209170,0,1264779.5636932994,1.0459898638680247,1.0337349,1.0,1.0,1.01680565,1.06093565,1.8817568,0.0018963120404958361,0.04354666509040429,0.0416320144149109,2.3983779115129606,10.39490436752541
CS_MAX10,1209170,0,1291427.6917144,1.0680282273910202,1.0502431,1.0,1.0,1.0252874,1.0909091,2.877907,0.0039667774260825715,0.06298235805432004,0.05897068676562357,2.438136293552771,13.256472780948453
CS_MAX20,1209170,0,1331750.2492630002,1.1013755297129437,1.0768262,1.0,1.0,1.0382775,1.1375839,3.364827,0.008204504826696166,0.09057872171043355,0.082241451046258,2.3570422254013645,13.391830197025413
CS_MAX30,1209170,0,1364867.9890589996,1.1287643499747757,1.099585,1.0,1.0,1.05,1.174892475,4.984375,0.012662960456192685,0.1125298202975224,0.09969292554290635,2.5145722142059994,20.450073542685814
CS_MAX60,1209170,0,1444900.2965150003,1.1949521543827586,1.1561033,1.0,1.0,1.0803572,1.2637362,6.4183006,0.027246908035191336,0.16506637463514892,0.1381363881639365,3.0012468427790906,35.93671701096768
CS_MIN5,1209170,0,1159051.6712912905,0.9585514619873885,0.9695238,1.0,0.46195653,0.9436223875,0.9858657,1.0,0.0015193913715119375,0.038979371102057785,0.04066487053417131,-2.0617901876330365,6.72306020018986
CS_MIN10,1209170,0,1138146.0567826198,0.9412622350725041,0.9558316,1.0,0.3802345,0.9193851,0.97902095,1.0,0.0028145922985304095,0.053052731301323305,0.05636339090693119,-1.9270241438842814,6.021344231103145
CS_MIN20,1209170,0,1109727.7937964504,0.9177599459103768,0.9373494,1.0,0.24357453,0.8860544,0.96997,1.0,0.005162712485052772,0.07185201796089496,0.07829064482610534,-1.7197400563929646,4.480927119860334
CS_MIN30,1209170,0,1089261.1932955398,0.9008337895378977,0.92382252,1.0,0.16285108,0.8619403,0.96357614,1.0,0.007239625051028313,0.08508598621998992,0.09445248081073493,-1.590050840592525,3.5638771591780474
CS_MIN60,1209170,0,1047740.5046625026,0.8664956165489572,0.8959909,1.0,0.044491366,0.81312567,0.94866073,1.0,0.012104451190902107,0.1100202308255264,0.12697147997552533,-1.4258042657307644,2.549854576320569
CS_QTLU5,1209170,0,1228216.7510356598,1.015751921595524,1.0076373,1.0,0.8278293,1.0,1.0274932,1.7314864,0.0011466558891234876,0.03386230779382125,0.03333718309942351,1.9105838263814856,9.387487236004
CS_QTLU10,1209170,0,1240397.29418566,1.0258253960862906,1.0148572,1.0,0.7222437,0.9988355,1.0450981,2.4323447,0.0027614539046874054,0.05254953762581937,0.051226590632582655,1.8666509907352982,11.780149019866538
CS_QTLU20,1209170,0,1257383.5888933397,1.0398732923355192,1.0253858,1.0,0.5203557,0.9977215575,1.0720668500000001,2.997027,0.005884918592947815,0.07671322306452659,0.07377170240831107,1.726963535514218,12.72387536950946
CS_QTLU30,1209170,0,1271055.6451674798,1.0511802684217106,1.0351217,1.0,0.45044705,0.99768114,1.0929368,3.4574544,0.008984097859325735,0.09478448111017825,0.09016957790930753,1.749693751923825,15.355804981352346
CS_QTLU60,1209170,0,1303268.0978345498,1.0778204039420014,1.0582609,1.0,0.3248798,1.0,1.139708675,6.1288342,0.0187944259224329,0.13709276393170028,0.12719444114279116,2.4854268297007898,40.60275260815655
CS_QTLD5,1209170,0,1191649.72472972,0.9855104945786946,0.9937622,1.0,0.613373,0.9741602,1.0010681,1.2972972,0.0010694158525620633,0.03270192429448248,0.03318272557661859,-1.7004690220007395,7.035607707383935
CS_QTLD10,1209170,0,1181524.7922734506,0.9771370380289377,0.9873727,1.0,0.41288945,0.957933735,1.0022663,1.4937838,0.002390585773577089,0.048893616900134204,0.0500376252227236,-1.4361291770949827,6.34710831893576
CS_QTLD20,1209170,0,1168691.5391874404,0.9665237635629733,0.98004204,1.0,0.27988607,0.9365420075,1.004272225,1.8441892,0.0048717203616191205,0.06979771028922883,0.07221520351649502,-1.1460655911680533,4.902426717348742
CS_QTLD30,1209170,0,1159823.7665921396,0.959189995279522,0.9756632700000001,1.0,0.24423431,0.92151725,1.006231175,2.2094595,0.007192009304620201,0.08480571504692476,0.08841388615840508,-1.0145490588314963,4.250527030389546
CS_QTLD60,1209170,0,1142260.4737799275,0.9446649137672349,0.9677419,1.0,0.07694723,0.89118946,1.0107586,2.8716278,0.013353275508789257,0.1155563737263733,0.12232525209975814,-0.840798656886676,3.5685730118897183
CS_RANK5,1209170,0,717006.9833333399,0.5929745059283144,0.6,0.2,0.2,0.2,0.9,1.0,0.09647216553010962,0.310599686944642,0.5237993941381873,0.03829501287997729,-1.5230920431470059
CS_RANK10,1209170,0,655822.0130953098,0.5423737051823233,0.5,0.1,0.1,0.2,0.9,1.0,0.10775665051374335,0.3282630812530452,0.60523413675207,0.03726400421527816,-1.4797357859915836
CS_RANK20,1209170,0,620420.84049255,0.5130964550001654,0.5,0.05,0.05,0.2,0.85,1.0,0.11483456226741416,0.33887248673714154,0.6604459715805916,0.06004101818449343,-1.484370813092238
CS_RANK30,1209170,0,602883.328613318,0.49859269466933354,0.46666667,0.033333335,0.033333335,0.16666667,0.8333333,1.0,0.11649967762343867,0.34132049106878815,0.6845677738923788,0.08852860407872819,-1.4772898631521267
CS_RANK60,1209170,0,575591.7606653078,0.47602219759447206,0.43333334,0.016666668,0.016666668,0.15,0.81666666,1.0,0.11656532292092486,0.341416641247794,0.7172284044170775,0.1599988055195428,-1.4421533576986503
CS_RSV5,1209170,0,580433.6790810255,0.4800265298353627,0.475,1.0,0.0,0.2173913,0.7368421,1.0,0.08558089234196774,0.2925421206287528,0.6094290678664939,0.05221241756817767,-1.247547385393707
CS_RSV10,1209170,0,573003.8082875251,0.47388192585618655,0.46385542,1.0,0.0,0.21428572,0.7297297,1.0,0.08402309117348924,0.28986736824535675,0.6116869043309442,0.07721541662571631,-1.2446704999896856
CS_RSV20,1209170,0,559502.0150021571,0.46271575957239847,0.44444445,1.0,0.0,0.20164609,0.71794873,1.0,0.08390174385380435,0.28965797736952514,0.6259954872451324,0.1315462983658566,-1.2447185291141525
CS_RSV30,1209170,0,546848.3424785512,0.45225100066868285,0.42774567,1.0,0.0,0.19266056,0.7042973625,1.0,0.08327152058159984,0.28856805190734447,0.6380705658598381,0.1808510646124794,-1.2208936897403053
CS_RSV60,1209170,0,520218.9731887578,0.4302281508710585,0.3914974,1.0,0.0,0.1809740375,0.6666667,1.0,0.07976519162162349,0.2824273209546546,0.6564594166672731,0.2966276872721222,-1.1228010853898316
CS_IMAX5,1209170,0,675800.3999999998,0.5588961022850383,0.6,0.2,0.2,0.2,0.8,1.0,0.10157272516689571,0.3187047617574857,0.5702397287339562,0.19070060851370227,-1.5375577533046902
CS_IMAX10,1209170,0,617695.4999999999,0.5108425614264329,0.5,0.1,0.1,0.2,0.8,1.0,0.11240946352281503,0.3352752056487551,0.6563180732485591,0.15156652500838202,-1.485206699492549
CS_IMAX20,1209170,0,587362.4,0.4857566760670543,0.45,0.05,0.05,0.15,0.8,1.0,0.11849866141890213,0.34423634529041547,0.7086600395851209,0.14529447861317274,-1.4799387869320293
CS_IMAX30,1209170,0,571920.0345715998,0.47298563028490603,0.43333334,0.033333335,0.033333335,0.13333334,0.8,1.0,0.11975899900006494,0.3460621317047922,0.731654641381683,0.16486863911666425,-1.46759695093402
CS_IMAX60,1209170,0,551537.3176782599,0.4561288467942968,0.41666666,0.016666668,0.016666668,0.11666667,0.78333336,1.0,0.11800015648323492,0.34351150851643225,0.753101916115706,0.2125915863679009,-1.4166500152811357
CS_IMIN5,1209170,0,695600.4000000001,0.5752709709966342,0.6,0.2,0.2,0.2,1.0,1.0,0.10147187239033824,0.31854649957319925,0.553732963478637,0.11329845967537606,-1.5550195997296197
CS_IMIN10,1209170,0,632130.2000000001,0.5227802542239719,0.5,0.1,0.1,0.2,0.9,1.0,0.11123025262916099,0.33351199772895873,0.6379582913360649,0.10954715486606058,-1.4833490278276584
CS_IMIN20,1209170,0,604170.7500000001,0.4996574096280921,0.5,0.05,0.05,0.15,0.85,1.0,0.11492172358201247,0.339001067228427,0.6784670069853547,0.09409828350248459,-1.459258775549996
CS_IMIN30,1209170,0,599748.0345486898,0.4959997639278926,0.5,0.033333335,0.033333335,0.16666667,0.8333333,1.0,0.11543945122070864,0.3397638168209038,0.685008021234256,0.07045307786231214,-1.4502414218821411
CS_IMIN60,1209170,0,601898.2175501359,0.49777799445085136,0.5,0.016666668,0.016666668,0.16666667,0.81666666,1.0,0.11395814844279077,0.3375768778260602,0.6781675397251641,0.017184724414508516,-1.4304437223455295
CS_IMXD5,1209170,0,-19799.99999999999,-0.016374868711595547,0.0,-0.6,-0.8,-0.6,0.4,0.8,0.3082881694779723,0.5552370390004365,-33.90787729536153,0.015259429567103473,-1.4692316457706698
CS_IMXD10,1209170,0,-14434.700000000003,-0.011937692797538809,0.0,-0.5,-0.9,-0.5,0.5,0.9,0.3376704439046776,0.5810941781713852,-48.67726017302014,0.010268773351356963,-1.451920678457147
CS_IMXD20,1209170,0,-16808.350000000002,-0.013900733561037739,-0.1,-0.45,-0.95,-0.55,0.55,0.95,0.3538487003099231,0.59485183055104,-42.79283736639235,0.041479768072391336,-1.4494975135462658
CS_IMXD30,1209170,0,-27827.99997990499,-0.023014133645314547,-0.16666667,-0.46666667,-0.96666664,-0.56666666,0.53333336,0.96666664,0.35655315086485556,0.5971207171626651,-25.945826437148245,0.06885439468280301,-1.4387230805654196
CS_IMXD60,1209170,0,-50360.900260921975,-0.0416491479783008,-0.16666667,-0.6166667,-0.98333335,-0.56666666,0.5,0.98333335,0.3468933089793616,0.5889764927222152,-14.141381548286938,0.10495473886718285,-1.4216479226585415
CS_CORR5,1209104,66,339490.73612572206,0.28077877182254135,0.40756607499999997,0.9268659,-1.0,-0.120127555,0.7494717625,1.0,0.2935403963551553,0.5417936843071866,1.9296105641832946,-0.5971360232602339,-0.7797025652658376
CS_CORR10,1209168,2,395164.05633830273,0.3268065780258018,0.41639212999999997,0.69849443,-1.0,0.037670063000000004,0.68193815,1.0,0.18885560059984735,0.4345751955644125,1.3297626938528213,-0.6799525553240133,-0.3752545348058609
CS_CORR20,1209168,2,440907.81546640146,0.36463735019980803,0.44045034,0.50629777,-1.0,0.123171499,0.6676259600000001,1.0,0.14421508302260577,0.37975661024214674,1.0414638270984964,-0.7384455666624093,-0.1231085902071416
CS_CORR30,1209168,2,466450.0624458906,0.385761170032527,0.456988235,0.74857086,-1.0,0.16024827749999998,0.67252654,1.0,0.12998470253664668,0.36053391315748184,0.9346039497108586,-0.7661335181681437,-0.01995692810193006
CS_CORR60,1209168,2,503827.8906023171,0.4166731923126622,0.486911085,0.30054966,-1.0,0.2093116,0.6826497475,1.0,0.11293212969071335,0.3360537601198852,0.8065163929905959,-0.820608578850875,0.13352413197832602
CS_CORD5,1209147,23,252935.03705598818,0.20918468726795683,0.34618917,0.69263244,-1.0,-0.28837358999999996,0.738618875,1.0,0.34889922368509585,0.5906769198852244,2.8237101271595084,-0.4634445456591001,-1.0929488316179543
CS_CORD10,1209166,4,282713.4833103462,0.23380866093683267,0.316842825,0.54755217,-1.0,-0.10125126625,0.6152625325000001,1.0,0.20832187174017605,0.4564229088687114,1.9521214784768888,-0.5085491831401391,-0.7300460064223078
CS_CORD20,1209166,4,292311.4737530624,0.24174635554842133,0.29277295000000003,0.3510675,-1.0,-0.005563127525,0.52507031,1.0,0.12683872513497338,0.35614424765110747,1.4732145468880604,-0.4836630989297585,-0.5080467139511193
CS_CORD30,1209166,4,295144.28576264414,0.2440891372753155,0.28154765000000004,0.47329682,-1.0,0.0355311295,0.48221864999999997,1.0,0.09386515522080298,0.3063742078256637,1.255173463455258,-0.4606735871003013,-0.39688117432424086
CS_CORD60,1209166,4,299334.45570938016,0.24755447615081813,0.2688311,0.2501654,-1.0,0.0917926705,0.4214938975,1.0,0.05387997138068561,0.23212059663176296,0.9376546134045568,-0.3965256636977839,-0.2597232854502556
CS_CNTP5,1209170,0,578713.4333333401,0.4786038632560683,0.4,0.4,0.0,0.4,0.6,1.0,0.046882773375430516,0.21652430204351317,0.4524081785935476,0.037384175505498135,-0.3715853939771323
CS_CNTP10,1209170,0,578504.8059524699,0.4784313255807454,0.5,0.5,0.0,0.4,0.6,1.0,0.022423963295234946,0.1497463298222529,0.312994408634265,0.024718056127896376,-0.1700155383201194
CS_CNTP20,1209170,0,578147.5669442702,0.4781358840727691,0.5,0.5,0.0,0.4,0.55,0.95,0.011246481331794312,0.10604942871979232,0.22179767771550965,0.030951875851248044,-0.07446651164996076
CS_CNTP30,1209170,0,577610.2124848102,0.47769148464220096,0.46666667,0.46666667,0.0,0.43333334,0.53333336,0.8666667,0.007661279141058476,0.08752873323119943,0.18323276852372603,-0.0028443774434573302,-0.008276552112647995
CS_CNTP60,1209170,0,577247.13899547,0.4773912179391401,0.48333332,0.48333332,0.0,0.43333334,0.51666665,0.78333336,0.004044230476643766,0.06359426449487222,0.1332120535635398,-0.07098630752706275,0.12028007025696175
CS_SUMP5,1209168,2,594037.8794219913,0.4912782007314048,0.49557522,0.0,0.0,0.27272728,0.7060932,1.0,0.07518853411930579,0.27420527733671685,0.5581466405968872,0.011122234657681428,-0.9636394663873413
CS_SUMP10,1209168,2,594690.1823861543,0.4918176650276507,0.49425286,0.5,0.0,0.34567901,0.6367822475,1.0,0.0392291473007411,0.19806349310446159,0.40271732226886603,-0.008227835077253515,-0.5922895524424705
CS_SUMP20,1209168,2,593198.6131428052,0.4905841149805529,0.49027237,0.5,0.0,0.38683498,0.5936,1.0,0.020514454264502695,0.1432286782194917,0.29195539326659486,0.023541751735297684,-0.3831496370245939
CS_SUMP30,1209168,2,592092.4775016349,0.48966932428052584,0.48857144,0.5,0.0,0.40648147,0.57222223,0.98332715,0.01387366648646648,0.11778652930817887,0.2405430021193248,0.03733511625224083,-0.2284807754272591
CS_SUMP60,1209168,2,592984.3249509607,0.4904068954446038,0.4891566,0.5,0.0,0.433254525,0.5466857150000001,0.9143731,0.006914766613446643,0.0831550756926277,0.16956343082663866,0.0673167927684043,0.05606310096674694
CS_VMA5,1209170,0,1219797.0074844875,1.0087886794119003,0.939116805,1.0235286,0.0038514975,0.7705989424999999,1.1658533750000002,4.9334493,0.1271080272419102,0.3565221272823192,0.3534160667724415,1.6275534886112972,5.22446023681683
CS_VMA10,1209170,0,1231581.3879354855,1.0185345219741522,0.9135563250000001,0.824442,0.0035058514,0.7211623625,1.186857275,9.603716,0.21727338723595377,0.46612593495315596,0.4576437272343971,2.415755064107726,11.82594996014834
CS_VMA20,1209170,0,1248142.3531410058,1.0322306649528237,0.890998025,0.5734566,0.0032592264,0.674152255,1.2120506500000001,17.523487,0.34329819004246703,0.5859165384612958,0.567621713203099,3.2017414522237226,22.160348648362525
CS_VMA30,1209170,0,1259395.9583785795,1.0415375492102679,0.8783743150000001,0.5619307,0.003987878,0.6450487225,1.22870185,22.982819,0.4386758608058232,0.6623260985389472,0.6359118776285572,3.656044747011306,30.035924305928734
CS_VMA60,1209170,0,1278895.3099986592,1.0576637776314821,0.85184288,0.52824676,0.00487027,0.595137375,1.25493835,35.349834,0.6391018284228797,0.7994384456747622,0.7558531005618948,4.294356757877029,41.53295994293566
CS_VSTD5,1209168,2,377150.0901182978,0.31190875884765207,0.28308636,0.16586137,0.0033210628,0.2067878775,0.38283884999999995,2.1988742,0.023804802137631833,0.15428804923788436,0.4946576358031819,1.6576187506952924,5.928598629492
CS_VSTD10,1209168,2,452026.3711311211,0.37383256183683417,0.34116132499999996,0.23583724,0.052169014,0.2679355525,0.44107878,3.0239227,0.024931174752403966,0.15789608846454672,0.42237114843265916,1.8572820913150887,7.184940538142771
CS_VSTD20,1209168,2,532992.1882165151,0.4407925021308165,0.40317336,0.2952136,0.10564804,0.327356205,0.5102286075,3.8911095,0.02883169750188203,0.16979899146308858,0.3852129758157646,1.954550755582552,7.754332748775897
CS_VSTD30,1209168,2,585873.8897817497,0.48452645933546845,0.44401944000000004,0.5228756,0.14740391,0.363768775,0.558518225,4.1551943,0.03223187289922438,0.17953237284463316,0.37053161780032223,1.9294970906804836,7.460110115719618
CS_VSTD60,1209168,2,687153.9072620994,0.5682865468339382,0.52504768,0.4896881,0.17276043,0.4312325175,0.6560209674999999,4.5150275,0.03942856469157788,0.19856627279469663,0.34941223560712,1.750473844353135,5.934998069949423
CS_WVMA5,1209166,4,1154603.0027856652,0.9548755115390817,0.91585019,2.236068,0.0,0.7150734599999999,1.157066075,2.236068,0.11196885449137342,0.33461747487448024,0.3504304706014914,0.5492195342741378,0.15730410650086268
CS_WVMA10,1209166,4,1335154.9489620698,1.1041949153069717,1.0432147500000002,1.0353006,0.1816277,0.85726132,1.2877605250000002,3.0959609,0.12157550536773534,0.3486767921266561,0.3157746764571201,0.9999177087128226,1.356801763625735
CS_WVMA20,1209166,4,1529256.3673293092,1.2647199535293825,1.1836749,1.7652849,0.1816277,0.99684115,1.4448580249999998,4.2872295,0.14822107112406435,0.384994897529908,0.3044111832469508,1.3521339709308364,2.7554909577886395
CS_WVMA30,1209166,4,1650326.82836006,1.3648471991108417,1.27350805,1.1129084,0.1816277,1.081518575,1.5495209,5.2031016,0.16842085634098142,0.4103911016834812,0.3006864812052507,1.4933012501085448,3.4928373755812547
CS_WVMA60,1209166,4,1869912.24975714,1.5464479234093085,1.44430575,1.252913,0.1816277,1.2336636250000002,1.7449705500000001,6.974737,0.20605547107714112,0.45393333329591595,0.2935328932998738,1.628561608498489,4.382425339889226
CS_VSUMP5,1209168,2,583706.9228591635,0.482734345317742,0.49145652500000003,0.0,0.0,0.362103415,0.6040614725,1.0,0.03947214239796185,0.19867597337866966,0.4115637830738945,-0.08596799224043024,-0.0002777800365687533
CS_VSUMP10,1209168,2,595698.3110413611,0.4926514024861401,0.49660766,0.0,0.0,0.43179265,0.55534416,1.0,0.012974340638126837,0.1139049631847833,0.23120803596613698,-0.1087319808394949,1.2885614080584453
CS_VSUMP20,1209168,2,601288.3816699741,0.49727447440717426,0.498711925,0.5323533,0.0,0.46408202,0.530902965,1.0,0.004432780117722723,0.06657912674196563,0.13388808428451496,-0.0135837495225326,2.9948691269820973
CS_VSUMP30,1209168,2,602831.9640045699,0.4985510400577669,0.4992306,0.5099068,0.0,0.475228815,0.5219219724999999,1.0,0.0023550410111594752,0.04852876478089541,0.09733961195883255,0.0848323994807128,4.3629066519239315
CS_VSUMP60,1209168,2,604226.56218111,0.4997043935839437,0.49980053,0.5072957,0.0,0.48703239499999995,0.5120933775000001,1.0,0.0007893031783725968,0.02809454000998409,0.05622231937663478,0.27299929148319824,7.601288107497253
CS_TURN_MEAN_5D,1209170,0,3411730.6014018646,2.821547508953964,1.8657555000000001,0.9282883,0.019978585,1.1005584499999999,3.34234505,161.80124,9.772400707444584,3.1260839252081163,1.1079324077612478,4.901770523073638,61.8963996818685
CS_TURN_STD_5D,1209168,2,1095374.585069179,0.9058911458698701,0.52704835,0.63270575,0.0024590648,0.274012875,1.0531068000000001,70.97741,1.5553177885412914,1.2471238064207144,1.376681748250426,6.569991497875329,111.59088129690554
CS_TURN_MEAN_10D,1209170,0,3412065.357807136,2.8218243570442008,1.90940355,1.0728018,0.043227535,1.143217775,3.37193855,119.366066,8.893809402268143,2.982249051013034,1.0568514101766684,4.560169016030691,50.4148603696669
CS_TURN_STD_10D,1209168,2,1310186.5754879373,1.0835438710650112,0.66099412,0.38619408,0.0055723526,0.3608136125,1.274516525,75.99858,1.8789441950237682,1.3707458535497266,1.2650580102515145,5.895289156059368,96.57091695330182
CS_TURN_MEAN_20D,1209170,0,3416091.4198306687,2.8251539649765283,1.9637117000000002,1.1814456,0.10649321,1.1984496,3.404451175,89.509476,7.964657283329997,2.822172440395873,0.9989446505862627,4.215957516732898,41.25428042368837
CS_TURN_STD_20D,1209168,2,1543757.476899843,1.2767104958945679,0.806545765,0.40745094,0.011979438,0.45163851250000003,1.525867775,62.157974,2.2640780215236425,1.5046853563199325,1.17856425646883,5.27393868915856,75.02112494732559
CS_TURN_MEAN_30D,1209170,0,3422908.77110025,2.8307920069967416,2.0031503500000003,1.1661419,0.14409134,1.2385724,3.4338876999999997,75.57461,7.4167586481252865,2.7233726605305573,0.9620532535768503,4.0204249841498525,36.733411233731644
CS_TURN_STD_30D,1209168,2,1697471.663314006,1.403834424425726,0.90810117,0.5103484,0.035153925,0.51584443,1.694695525,55.362526,2.5099277906271147,1.5842751625355724,1.128534202446033,4.883294727005067,60.87250578655994
CS_TURN_MEAN_60D,1209170,0,3447724.5119225015,2.851314961438426,2.0872444999999997,1.0396355,0.16232353,1.32298105,3.490823225,60.34194,6.550421552722834,2.559379134228228,0.8976136164687598,3.6972463605284593,29.59213799079726
CS_TURN_STD_60D,1209168,2,2007303.4935676933,1.6600699766845413,1.1165889,0.5982275,0.05364039,0.647263675,2.0282777249999997,47.82066,3.0574434343265398,1.7485546700994339,1.0533017852606505,4.27574166655639,42.04748146978884
RETN_5D,1209170,0,0.0003920547958955467,3.242346368960086e-10,-0.10153771,-0.19571611,-10.654914,-0.5330945,0.4140223125,15.425623,0.9989042086103365,0.9994519541280293,3082495947.0588036,1.2143053879258208,8.04149503162102
