Exchange,Trade_date
SSE,2015-01-05
SSE,2015-01-06
SSE,2015-01-07
SSE,2015-01-08
SSE,2015-01-09
SSE,2015-01-12
SSE,2015-01-13
SSE,2015-01-14
SSE,2015-01-15
SSE,2015-01-16
SSE,2015-01-19
SSE,2015-01-20
SSE,2015-01-21
SSE,2015-01-22
SSE,2015-01-23
SSE,2015-01-26
SSE,2015-01-27
SSE,2015-01-28
SSE,2015-01-29
SSE,2015-01-30
SSE,2015-02-02
SSE,2015-02-03
SSE,2015-02-04
SSE,2015-02-05
SSE,2015-02-06
SSE,2015-02-09
SSE,2015-02-10
SSE,2015-02-11
SSE,2015-02-12
SSE,2015-02-13
SSE,2015-02-16
SSE,2015-02-17
SSE,2015-02-25
SSE,2015-02-26
SSE,2015-02-27
SSE,2015-03-02
SSE,2015-03-03
SSE,2015-03-04
SSE,2015-03-05
SSE,2015-03-06
SSE,2015-03-09
SSE,2015-03-10
SSE,2015-03-11
SSE,2015-03-12
SSE,2015-03-13
SSE,2015-03-16
SSE,2015-03-17
SSE,2015-03-18
SSE,2015-03-19
SSE,2015-03-20
SSE,2015-03-23
SSE,2015-03-24
SSE,2015-03-25
SSE,2015-03-26
SSE,2015-03-27
SSE,2015-03-30
SSE,2015-03-31
SSE,2015-04-01
SSE,2015-04-02
SSE,2015-04-03
SSE,2015-04-07
SSE,2015-04-08
SSE,2015-04-09
SSE,2015-04-10
SSE,2015-04-13
SSE,2015-04-14
SSE,2015-04-15
SSE,2015-04-16
SSE,2015-04-17
SSE,2015-04-20
SSE,2015-04-21
SSE,2015-04-22
SSE,2015-04-23
SSE,2015-04-24
SSE,2015-04-27
SSE,2015-04-28
SSE,2015-04-29
SSE,2015-04-30
SSE,2015-05-04
SSE,2015-05-05
SSE,2015-05-06
SSE,2015-05-07
SSE,2015-05-08
SSE,2015-05-11
SSE,2015-05-12
SSE,2015-05-13
SSE,2015-05-14
SSE,2015-05-15
SSE,2015-05-18
SSE,2015-05-19
SSE,2015-05-20
SSE,2015-05-21
SSE,2015-05-22
SSE,2015-05-25
SSE,2015-05-26
SSE,2015-05-27
SSE,2015-05-28
SSE,2015-05-29
SSE,2015-06-01
SSE,2015-06-02
SSE,2015-06-03
SSE,2015-06-04
SSE,2015-06-05
SSE,2015-06-08
SSE,2015-06-09
SSE,2015-06-10
SSE,2015-06-11
SSE,2015-06-12
SSE,2015-06-15
SSE,2015-06-16
SSE,2015-06-17
SSE,2015-06-18
SSE,2015-06-19
SSE,2015-06-23
SSE,2015-06-24
SSE,2015-06-25
SSE,2015-06-26
SSE,2015-06-29
SSE,2015-06-30
SSE,2015-07-01
SSE,2015-07-02
SSE,2015-07-03
SSE,2015-07-06
SSE,2015-07-07
SSE,2015-07-08
SSE,2015-07-09
SSE,2015-07-10
SSE,2015-07-13
SSE,2015-07-14
SSE,2015-07-15
SSE,2015-07-16
SSE,2015-07-17
SSE,2015-07-20
SSE,2015-07-21
SSE,2015-07-22
SSE,2015-07-23
SSE,2015-07-24
SSE,2015-07-27
SSE,2015-07-28
SSE,2015-07-29
SSE,2015-07-30
SSE,2015-07-31
SSE,2015-08-03
SSE,2015-08-04
SSE,2015-08-05
SSE,2015-08-06
SSE,2015-08-07
SSE,2015-08-10
SSE,2015-08-11
SSE,2015-08-12
SSE,2015-08-13
SSE,2015-08-14
SSE,2015-08-17
SSE,2015-08-18
SSE,2015-08-19
SSE,2015-08-20
SSE,2015-08-21
SSE,2015-08-24
SSE,2015-08-25
SSE,2015-08-26
SSE,2015-08-27
SSE,2015-08-28
SSE,2015-08-31
SSE,2015-09-01
SSE,2015-09-02
SSE,2015-09-07
SSE,2015-09-08
SSE,2015-09-09
SSE,2015-09-10
SSE,2015-09-11
SSE,2015-09-14
SSE,2015-09-15
SSE,2015-09-16
SSE,2015-09-17
SSE,2015-09-18
SSE,2015-09-21
SSE,2015-09-22
SSE,2015-09-23
SSE,2015-09-24
SSE,2015-09-25
SSE,2015-09-28
SSE,2015-09-29
SSE,2015-09-30
SSE,2015-10-08
SSE,2015-10-09
SSE,2015-10-12
SSE,2015-10-13
SSE,2015-10-14
SSE,2015-10-15
SSE,2015-10-16
SSE,2015-10-19
SSE,2015-10-20
SSE,2015-10-21
SSE,2015-10-22
SSE,2015-10-23
SSE,2015-10-26
SSE,2015-10-27
SSE,2015-10-28
SSE,2015-10-29
SSE,2015-10-30
SSE,2015-11-02
SSE,2015-11-03
SSE,2015-11-04
SSE,2015-11-05
SSE,2015-11-06
SSE,2015-11-09
SSE,2015-11-10
SSE,2015-11-11
SSE,2015-11-12
SSE,2015-11-13
SSE,2015-11-16
SSE,2015-11-17
SSE,2015-11-18
SSE,2015-11-19
SSE,2015-11-20
SSE,2015-11-23
SSE,2015-11-24
SSE,2015-11-25
SSE,2015-11-26
SSE,2015-11-27
SSE,2015-11-30
SSE,2015-12-01
SSE,2015-12-02
SSE,2015-12-03
SSE,2015-12-04
SSE,2015-12-07
SSE,2015-12-08
SSE,2015-12-09
SSE,2015-12-10
SSE,2015-12-11
SSE,2015-12-14
SSE,2015-12-15
SSE,2015-12-16
SSE,2015-12-17
SSE,2015-12-18
SSE,2015-12-21
SSE,2015-12-22
SSE,2015-12-23
SSE,2015-12-24
SSE,2015-12-25
SSE,2015-12-28
SSE,2015-12-29
SSE,2015-12-30
SSE,2015-12-31
SSE,2016-01-04
SSE,2016-01-05
SSE,2016-01-06
SSE,2016-01-07
SSE,2016-01-08
SSE,2016-01-11
SSE,2016-01-12
SSE,2016-01-13
SSE,2016-01-14
SSE,2016-01-15
SSE,2016-01-18
SSE,2016-01-19
SSE,2016-01-20
SSE,2016-01-21
SSE,2016-01-22
SSE,2016-01-25
SSE,2016-01-26
SSE,2016-01-27
SSE,2016-01-28
SSE,2016-01-29
SSE,2016-02-01
SSE,2016-02-02
SSE,2016-02-03
SSE,2016-02-04
SSE,2016-02-05
SSE,2016-02-15
SSE,2016-02-16
SSE,2016-02-17
SSE,2016-02-18
SSE,2016-02-19
SSE,2016-02-22
SSE,2016-02-23
SSE,2016-02-24
SSE,2016-02-25
SSE,2016-02-26
SSE,2016-02-29
SSE,2016-03-01
SSE,2016-03-02
SSE,2016-03-03
SSE,2016-03-04
SSE,2016-03-07
SSE,2016-03-08
SSE,2016-03-09
SSE,2016-03-10
SSE,2016-03-11
SSE,2016-03-14
SSE,2016-03-15
SSE,2016-03-16
SSE,2016-03-17
SSE,2016-03-18
SSE,2016-03-21
SSE,2016-03-22
SSE,2016-03-23
SSE,2016-03-24
SSE,2016-03-25
SSE,2016-03-28
SSE,2016-03-29
SSE,2016-03-30
SSE,2016-03-31
SSE,2016-04-01
SSE,2016-04-05
SSE,2016-04-06
SSE,2016-04-07
SSE,2016-04-08
SSE,2016-04-11
SSE,2016-04-12
SSE,2016-04-13
SSE,2016-04-14
SSE,2016-04-15
SSE,2016-04-18
SSE,2016-04-19
SSE,2016-04-20
SSE,2016-04-21
SSE,2016-04-22
SSE,2016-04-25
SSE,2016-04-26
SSE,2016-04-27
SSE,2016-04-28
SSE,2016-04-29
SSE,2016-05-03
SSE,2016-05-04
SSE,2016-05-05
SSE,2016-05-06
SSE,2016-05-09
SSE,2016-05-10
SSE,2016-05-11
SSE,2016-05-12
SSE,2016-05-13
SSE,2016-05-16
SSE,2016-05-17
SSE,2016-05-18
SSE,2016-05-19
SSE,2016-05-20
SSE,2016-05-23
SSE,2016-05-24
SSE,2016-05-25
SSE,2016-05-26
SSE,2016-05-27
SSE,2016-05-30
SSE,2016-05-31
SSE,2016-06-01
SSE,2016-06-02
SSE,2016-06-03
SSE,2016-06-06
SSE,2016-06-07
SSE,2016-06-08
SSE,2016-06-13
SSE,2016-06-14
SSE,2016-06-15
SSE,2016-06-16
SSE,2016-06-17
SSE,2016-06-20
SSE,2016-06-21
SSE,2016-06-22
SSE,2016-06-23
SSE,2016-06-24
SSE,2016-06-27
SSE,2016-06-28
SSE,2016-06-29
SSE,2016-06-30
SSE,2016-07-01
SSE,2016-07-04
SSE,2016-07-05
SSE,2016-07-06
SSE,2016-07-07
SSE,2016-07-08
SSE,2016-07-11
SSE,2016-07-12
SSE,2016-07-13
SSE,2016-07-14
SSE,2016-07-15
SSE,2016-07-18
SSE,2016-07-19
SSE,2016-07-20
SSE,2016-07-21
SSE,2016-07-22
SSE,2016-07-25
SSE,2016-07-26
SSE,2016-07-27
SSE,2016-07-28
SSE,2016-07-29
SSE,2016-08-01
SSE,2016-08-02
SSE,2016-08-03
SSE,2016-08-04
SSE,2016-08-05
SSE,2016-08-08
SSE,2016-08-09
SSE,2016-08-10
SSE,2016-08-11
SSE,2016-08-12
SSE,2016-08-15
SSE,2016-08-16
SSE,2016-08-17
SSE,2016-08-18
SSE,2016-08-19
SSE,2016-08-22
SSE,2016-08-23
SSE,2016-08-24
SSE,2016-08-25
SSE,2016-08-26
SSE,2016-08-29
SSE,2016-08-30
SSE,2016-08-31
SSE,2016-09-01
SSE,2016-09-02
SSE,2016-09-05
SSE,2016-09-06
SSE,2016-09-07
SSE,2016-09-08
SSE,2016-09-09
SSE,2016-09-12
SSE,2016-09-13
SSE,2016-09-14
SSE,2016-09-19
SSE,2016-09-20
SSE,2016-09-21
SSE,2016-09-22
SSE,2016-09-23
SSE,2016-09-26
SSE,2016-09-27
SSE,2016-09-28
SSE,2016-09-29
SSE,2016-09-30
SSE,2016-10-10
SSE,2016-10-11
SSE,2016-10-12
SSE,2016-10-13
SSE,2016-10-14
SSE,2016-10-17
SSE,2016-10-18
SSE,2016-10-19
SSE,2016-10-20
SSE,2016-10-21
SSE,2016-10-24
SSE,2016-10-25
SSE,2016-10-26
SSE,2016-10-27
SSE,2016-10-28
SSE,2016-10-31
SSE,2016-11-01
SSE,2016-11-02
SSE,2016-11-03
SSE,2016-11-04
SSE,2016-11-07
SSE,2016-11-08
SSE,2016-11-09
SSE,2016-11-10
SSE,2016-11-11
SSE,2016-11-14
SSE,2016-11-15
SSE,2016-11-16
SSE,2016-11-17
SSE,2016-11-18
SSE,2016-11-21
SSE,2016-11-22
SSE,2016-11-23
SSE,2016-11-24
SSE,2016-11-25
SSE,2016-11-28
SSE,2016-11-29
SSE,2016-11-30
SSE,2016-12-01
SSE,2016-12-02
SSE,2016-12-05
SSE,2016-12-06
SSE,2016-12-07
SSE,2016-12-08
SSE,2016-12-09
SSE,2016-12-12
SSE,2016-12-13
SSE,2016-12-14
SSE,2016-12-15
SSE,2016-12-16
SSE,2016-12-19
SSE,2016-12-20
SSE,2016-12-21
SSE,2016-12-22
SSE,2016-12-23
SSE,2016-12-26
SSE,2016-12-27
SSE,2016-12-28
SSE,2016-12-29
SSE,2016-12-30
SSE,2017-01-03
SSE,2017-01-04
SSE,2017-01-05
SSE,2017-01-06
SSE,2017-01-09
SSE,2017-01-10
SSE,2017-01-11
SSE,2017-01-12
SSE,2017-01-13
SSE,2017-01-16
SSE,2017-01-17
SSE,2017-01-18
SSE,2017-01-19
SSE,2017-01-20
SSE,2017-01-23
SSE,2017-01-24
SSE,2017-01-25
SSE,2017-01-26
SSE,2017-02-03
SSE,2017-02-06
SSE,2017-02-07
SSE,2017-02-08
SSE,2017-02-09
SSE,2017-02-10
SSE,2017-02-13
SSE,2017-02-14
SSE,2017-02-15
SSE,2017-02-16
SSE,2017-02-17
SSE,2017-02-20
SSE,2017-02-21
SSE,2017-02-22
SSE,2017-02-23
SSE,2017-02-24
SSE,2017-02-27
SSE,2017-02-28
SSE,2017-03-01
SSE,2017-03-02
SSE,2017-03-03
SSE,2017-03-06
SSE,2017-03-07
SSE,2017-03-08
SSE,2017-03-09
SSE,2017-03-10
SSE,2017-03-13
SSE,2017-03-14
SSE,2017-03-15
SSE,2017-03-16
SSE,2017-03-17
SSE,2017-03-20
SSE,2017-03-21
SSE,2017-03-22
SSE,2017-03-23
SSE,2017-03-24
SSE,2017-03-27
SSE,2017-03-28
SSE,2017-03-29
SSE,2017-03-30
SSE,2017-03-31
SSE,2017-04-05
SSE,2017-04-06
SSE,2017-04-07
SSE,2017-04-10
SSE,2017-04-11
SSE,2017-04-12
SSE,2017-04-13
SSE,2017-04-14
SSE,2017-04-17
SSE,2017-04-18
SSE,2017-04-19
SSE,2017-04-20
SSE,2017-04-21
SSE,2017-04-24
SSE,2017-04-25
SSE,2017-04-26
SSE,2017-04-27
SSE,2017-04-28
SSE,2017-05-02
SSE,2017-05-03
SSE,2017-05-04
SSE,2017-05-05
SSE,2017-05-08
SSE,2017-05-09
SSE,2017-05-10
SSE,2017-05-11
SSE,2017-05-12
SSE,2017-05-15
SSE,2017-05-16
SSE,2017-05-17
SSE,2017-05-18
SSE,2017-05-19
SSE,2017-05-22
SSE,2017-05-23
SSE,2017-05-24
SSE,2017-05-25
SSE,2017-05-26
SSE,2017-05-31
SSE,2017-06-01
SSE,2017-06-02
SSE,2017-06-05
SSE,2017-06-06
SSE,2017-06-07
SSE,2017-06-08
SSE,2017-06-09
SSE,2017-06-12
SSE,2017-06-13
SSE,2017-06-14
SSE,2017-06-15
SSE,2017-06-16
SSE,2017-06-19
SSE,2017-06-20
SSE,2017-06-21
SSE,2017-06-22
SSE,2017-06-23
SSE,2017-06-26
SSE,2017-06-27
SSE,2017-06-28
SSE,2017-06-29
SSE,2017-06-30
SSE,2017-07-03
SSE,2017-07-04
SSE,2017-07-05
SSE,2017-07-06
SSE,2017-07-07
SSE,2017-07-10
SSE,2017-07-11
SSE,2017-07-12
SSE,2017-07-13
SSE,2017-07-14
SSE,2017-07-17
SSE,2017-07-18
SSE,2017-07-19
SSE,2017-07-20
SSE,2017-07-21
SSE,2017-07-24
SSE,2017-07-25
SSE,2017-07-26
SSE,2017-07-27
SSE,2017-07-28
SSE,2017-07-31
SSE,2017-08-01
SSE,2017-08-02
SSE,2017-08-03
SSE,2017-08-04
SSE,2017-08-07
SSE,2017-08-08
SSE,2017-08-09
SSE,2017-08-10
SSE,2017-08-11
SSE,2017-08-14
SSE,2017-08-15
SSE,2017-08-16
SSE,2017-08-17
SSE,2017-08-18
SSE,2017-08-21
SSE,2017-08-22
SSE,2017-08-23
SSE,2017-08-24
SSE,2017-08-25
SSE,2017-08-28
SSE,2017-08-29
SSE,2017-08-30
SSE,2017-08-31
SSE,2017-09-01
SSE,2017-09-04
SSE,2017-09-05
SSE,2017-09-06
SSE,2017-09-07
SSE,2017-09-08
SSE,2017-09-11
SSE,2017-09-12
SSE,2017-09-13
SSE,2017-09-14
SSE,2017-09-15
SSE,2017-09-18
SSE,2017-09-19
SSE,2017-09-20
SSE,2017-09-21
SSE,2017-09-22
SSE,2017-09-25
SSE,2017-09-26
SSE,2017-09-27
SSE,2017-09-28
SSE,2017-09-29
SSE,2017-10-09
SSE,2017-10-10
SSE,2017-10-11
SSE,2017-10-12
SSE,2017-10-13
SSE,2017-10-16
SSE,2017-10-17
SSE,2017-10-18
SSE,2017-10-19
SSE,2017-10-20
SSE,2017-10-23
SSE,2017-10-24
SSE,2017-10-25
SSE,2017-10-26
SSE,2017-10-27
SSE,2017-10-30
SSE,2017-10-31
SSE,2017-11-01
SSE,2017-11-02
SSE,2017-11-03
SSE,2017-11-06
SSE,2017-11-07
SSE,2017-11-08
SSE,2017-11-09
SSE,2017-11-10
SSE,2017-11-13
SSE,2017-11-14
SSE,2017-11-15
SSE,2017-11-16
SSE,2017-11-17
SSE,2017-11-20
SSE,2017-11-21
SSE,2017-11-22
SSE,2017-11-23
SSE,2017-11-24
SSE,2017-11-27
SSE,2017-11-28
SSE,2017-11-29
SSE,2017-11-30
SSE,2017-12-01
SSE,2017-12-04
SSE,2017-12-05
SSE,2017-12-06
SSE,2017-12-07
SSE,2017-12-08
SSE,2017-12-11
SSE,2017-12-12
SSE,2017-12-13
SSE,2017-12-14
SSE,2017-12-15
SSE,2017-12-18
SSE,2017-12-19
SSE,2017-12-20
SSE,2017-12-21
SSE,2017-12-22
SSE,2017-12-25
SSE,2017-12-26
SSE,2017-12-27
SSE,2017-12-28
SSE,2017-12-29
SSE,2018-01-02
SSE,2018-01-03
SSE,2018-01-04
SSE,2018-01-05
SSE,2018-01-08
SSE,2018-01-09
SSE,2018-01-10
SSE,2018-01-11
SSE,2018-01-12
SSE,2018-01-15
SSE,2018-01-16
SSE,2018-01-17
SSE,2018-01-18
SSE,2018-01-19
SSE,2018-01-22
SSE,2018-01-23
SSE,2018-01-24
SSE,2018-01-25
SSE,2018-01-26
SSE,2018-01-29
SSE,2018-01-30
SSE,2018-01-31
SSE,2018-02-01
SSE,2018-02-02
SSE,2018-02-05
SSE,2018-02-06
SSE,2018-02-07
SSE,2018-02-08
SSE,2018-02-09
SSE,2018-02-12
SSE,2018-02-13
SSE,2018-02-14
SSE,2018-02-22
SSE,2018-02-23
SSE,2018-02-26
SSE,2018-02-27
SSE,2018-02-28
SSE,2018-03-01
SSE,2018-03-02
SSE,2018-03-05
SSE,2018-03-06
SSE,2018-03-07
SSE,2018-03-08
SSE,2018-03-09
SSE,2018-03-12
SSE,2018-03-13
SSE,2018-03-14
SSE,2018-03-15
SSE,2018-03-16
SSE,2018-03-19
SSE,2018-03-20
SSE,2018-03-21
SSE,2018-03-22
SSE,2018-03-23
SSE,2018-03-26
SSE,2018-03-27
SSE,2018-03-28
SSE,2018-03-29
SSE,2018-03-30
SSE,2018-04-02
SSE,2018-04-03
SSE,2018-04-04
SSE,2018-04-09
SSE,2018-04-10
SSE,2018-04-11
SSE,2018-04-12
SSE,2018-04-13
SSE,2018-04-16
SSE,2018-04-17
SSE,2018-04-18
SSE,2018-04-19
SSE,2018-04-20
SSE,2018-04-23
SSE,2018-04-24
SSE,2018-04-25
SSE,2018-04-26
SSE,2018-04-27
SSE,2018-05-02
SSE,2018-05-03
SSE,2018-05-04
SSE,2018-05-07
SSE,2018-05-08
SSE,2018-05-09
SSE,2018-05-10
SSE,2018-05-11
SSE,2018-05-14
SSE,2018-05-15
SSE,2018-05-16
SSE,2018-05-17
SSE,2018-05-18
SSE,2018-05-21
SSE,2018-05-22
SSE,2018-05-23
SSE,2018-05-24
SSE,2018-05-25
SSE,2018-05-28
SSE,2018-05-29
SSE,2018-05-30
SSE,2018-05-31
SSE,2018-06-01
SSE,2018-06-04
SSE,2018-06-05
SSE,2018-06-06
SSE,2018-06-07
SSE,2018-06-08
SSE,2018-06-11
SSE,2018-06-12
SSE,2018-06-13
SSE,2018-06-14
SSE,2018-06-15
SSE,2018-06-19
SSE,2018-06-20
SSE,2018-06-21
SSE,2018-06-22
SSE,2018-06-25
SSE,2018-06-26
SSE,2018-06-27
SSE,2018-06-28
SSE,2018-06-29
SSE,2018-07-02
SSE,2018-07-03
SSE,2018-07-04
SSE,2018-07-05
SSE,2018-07-06
SSE,2018-07-09
SSE,2018-07-10
SSE,2018-07-11
SSE,2018-07-12
SSE,2018-07-13
SSE,2018-07-16
SSE,2018-07-17
SSE,2018-07-18
SSE,2018-07-19
SSE,2018-07-20
SSE,2018-07-23
SSE,2018-07-24
SSE,2018-07-25
SSE,2018-07-26
SSE,2018-07-27
SSE,2018-07-30
SSE,2018-07-31
SSE,2018-08-01
SSE,2018-08-02
SSE,2018-08-03
SSE,2018-08-06
SSE,2018-08-07
SSE,2018-08-08
SSE,2018-08-09
SSE,2018-08-10
SSE,2018-08-13
SSE,2018-08-14
SSE,2018-08-15
SSE,2018-08-16
SSE,2018-08-17
SSE,2018-08-20
SSE,2018-08-21
SSE,2018-08-22
SSE,2018-08-23
SSE,2018-08-24
SSE,2018-08-27
SSE,2018-08-28
SSE,2018-08-29
SSE,2018-08-30
SSE,2018-08-31
SSE,2018-09-03
SSE,2018-09-04
SSE,2018-09-05
SSE,2018-09-06
SSE,2018-09-07
SSE,2018-09-10
SSE,2018-09-11
SSE,2018-09-12
SSE,2018-09-13
SSE,2018-09-14
SSE,2018-09-17
SSE,2018-09-18
SSE,2018-09-19
SSE,2018-09-20
SSE,2018-09-21
SSE,2018-09-25
SSE,2018-09-26
SSE,2018-09-27
SSE,2018-09-28
SSE,2018-10-08
SSE,2018-10-09
SSE,2018-10-10
SSE,2018-10-11
SSE,2018-10-12
SSE,2018-10-15
SSE,2018-10-16
SSE,2018-10-17
SSE,2018-10-18
SSE,2018-10-19
SSE,2018-10-22
SSE,2018-10-23
SSE,2018-10-24
SSE,2018-10-25
SSE,2018-10-26
SSE,2018-10-29
SSE,2018-10-30
SSE,2018-10-31
SSE,2018-11-01
SSE,2018-11-02
SSE,2018-11-05
SSE,2018-11-06
SSE,2018-11-07
SSE,2018-11-08
SSE,2018-11-09
SSE,2018-11-12
SSE,2018-11-13
SSE,2018-11-14
SSE,2018-11-15
SSE,2018-11-16
SSE,2018-11-19
SSE,2018-11-20
SSE,2018-11-21
SSE,2018-11-22
SSE,2018-11-23
SSE,2018-11-26
SSE,2018-11-27
SSE,2018-11-28
SSE,2018-11-29
SSE,2018-11-30
SSE,2018-12-03
SSE,2018-12-04
SSE,2018-12-05
SSE,2018-12-06
SSE,2018-12-07
SSE,2018-12-10
SSE,2018-12-11
SSE,2018-12-12
SSE,2018-12-13
SSE,2018-12-14
SSE,2018-12-17
SSE,2018-12-18
SSE,2018-12-19
SSE,2018-12-20
SSE,2018-12-21
SSE,2018-12-24
SSE,2018-12-25
SSE,2018-12-26
SSE,2018-12-27
SSE,2018-12-28
SSE,2019-01-02
SSE,2019-01-03
SSE,2019-01-04
SSE,2019-01-07
SSE,2019-01-08
SSE,2019-01-09
SSE,2019-01-10
SSE,2019-01-11
SSE,2019-01-14
SSE,2019-01-15
SSE,2019-01-16
SSE,2019-01-17
SSE,2019-01-18
SSE,2019-01-21
SSE,2019-01-22
SSE,2019-01-23
SSE,2019-01-24
SSE,2019-01-25
SSE,2019-01-28
SSE,2019-01-29
SSE,2019-01-30
SSE,2019-01-31
SSE,2019-02-01
SSE,2019-02-11
SSE,2019-02-12
SSE,2019-02-13
SSE,2019-02-14
SSE,2019-02-15
SSE,2019-02-18
SSE,2019-02-19
SSE,2019-02-20
SSE,2019-02-21
SSE,2019-02-22
SSE,2019-02-25
SSE,2019-02-26
SSE,2019-02-27
SSE,2019-02-28
SSE,2019-03-01
SSE,2019-03-04
SSE,2019-03-05
SSE,2019-03-06
SSE,2019-03-07
SSE,2019-03-08
SSE,2019-03-11
SSE,2019-03-12
SSE,2019-03-13
SSE,2019-03-14
SSE,2019-03-15
SSE,2019-03-18
SSE,2019-03-19
SSE,2019-03-20
SSE,2019-03-21
SSE,2019-03-22
SSE,2019-03-25
SSE,2019-03-26
SSE,2019-03-27
SSE,2019-03-28
SSE,2019-03-29
SSE,2019-04-01
SSE,2019-04-02
SSE,2019-04-03
SSE,2019-04-04
SSE,2019-04-08
SSE,2019-04-09
SSE,2019-04-10
SSE,2019-04-11
SSE,2019-04-12
SSE,2019-04-15
SSE,2019-04-16
SSE,2019-04-17
SSE,2019-04-18
SSE,2019-04-19
SSE,2019-04-22
SSE,2019-04-23
SSE,2019-04-24
SSE,2019-04-25
SSE,2019-04-26
SSE,2019-04-29
SSE,2019-04-30
SSE,2019-05-06
SSE,2019-05-07
SSE,2019-05-08
SSE,2019-05-09
SSE,2019-05-10
SSE,2019-05-13
SSE,2019-05-14
SSE,2019-05-15
SSE,2019-05-16
SSE,2019-05-17
SSE,2019-05-20
SSE,2019-05-21
SSE,2019-05-22
SSE,2019-05-23
SSE,2019-05-24
SSE,2019-05-27
SSE,2019-05-28
SSE,2019-05-29
SSE,2019-05-30
SSE,2019-05-31
SSE,2019-06-03
SSE,2019-06-04
SSE,2019-06-05
SSE,2019-06-06
SSE,2019-06-10
SSE,2019-06-11
SSE,2019-06-12
SSE,2019-06-13
SSE,2019-06-14
SSE,2019-06-17
SSE,2019-06-18
SSE,2019-06-19
SSE,2019-06-20
SSE,2019-06-21
SSE,2019-06-24
SSE,2019-06-25
SSE,2019-06-26
SSE,2019-06-27
SSE,2019-06-28
SSE,2019-07-01
SSE,2019-07-02
SSE,2019-07-03
SSE,2019-07-04
SSE,2019-07-05
SSE,2019-07-08
SSE,2019-07-09
SSE,2019-07-10
SSE,2019-07-11
SSE,2019-07-12
SSE,2019-07-15
SSE,2019-07-16
SSE,2019-07-17
SSE,2019-07-18
SSE,2019-07-19
SSE,2019-07-22
SSE,2019-07-23
SSE,2019-07-24
SSE,2019-07-25
SSE,2019-07-26
SSE,2019-07-29
SSE,2019-07-30
SSE,2019-07-31
SSE,2019-08-01
SSE,2019-08-02
SSE,2019-08-05
SSE,2019-08-06
SSE,2019-08-07
SSE,2019-08-08
SSE,2019-08-09
SSE,2019-08-12
SSE,2019-08-13
SSE,2019-08-14
SSE,2019-08-15
SSE,2019-08-16
SSE,2019-08-19
SSE,2019-08-20
SSE,2019-08-21
SSE,2019-08-22
SSE,2019-08-23
SSE,2019-08-26
SSE,2019-08-27
SSE,2019-08-28
SSE,2019-08-29
SSE,2019-08-30
SSE,2019-09-02
SSE,2019-09-03
SSE,2019-09-04
SSE,2019-09-05
SSE,2019-09-06
SSE,2019-09-09
SSE,2019-09-10
SSE,2019-09-11
SSE,2019-09-12
SSE,2019-09-16
SSE,2019-09-17
SSE,2019-09-18
SSE,2019-09-19
SSE,2019-09-20
SSE,2019-09-23
SSE,2019-09-24
SSE,2019-09-25
SSE,2019-09-26
SSE,2019-09-27
SSE,2019-09-30
SSE,2019-10-08
SSE,2019-10-09
SSE,2019-10-10
SSE,2019-10-11
SSE,2019-10-14
SSE,2019-10-15
SSE,2019-10-16
SSE,2019-10-17
SSE,2019-10-18
SSE,2019-10-21
SSE,2019-10-22
SSE,2019-10-23
SSE,2019-10-24
SSE,2019-10-25
SSE,2019-10-28
SSE,2019-10-29
SSE,2019-10-30
SSE,2019-10-31
SSE,2019-11-01
SSE,2019-11-04
SSE,2019-11-05
SSE,2019-11-06
SSE,2019-11-07
SSE,2019-11-08
SSE,2019-11-11
SSE,2019-11-12
SSE,2019-11-13
SSE,2019-11-14
SSE,2019-11-15
SSE,2019-11-18
SSE,2019-11-19
SSE,2019-11-20
SSE,2019-11-21
SSE,2019-11-22
SSE,2019-11-25
SSE,2019-11-26
SSE,2019-11-27
SSE,2019-11-28
SSE,2019-11-29
SSE,2019-12-02
SSE,2019-12-03
SSE,2019-12-04
SSE,2019-12-05
SSE,2019-12-06
SSE,2019-12-09
SSE,2019-12-10
SSE,2019-12-11
SSE,2019-12-12
SSE,2019-12-13
SSE,2019-12-16
SSE,2019-12-17
SSE,2019-12-18
SSE,2019-12-19
SSE,2019-12-20
SSE,2019-12-23
SSE,2019-12-24
SSE,2019-12-25
SSE,2019-12-26
SSE,2019-12-27
SSE,2019-12-30
SSE,2019-12-31
SSE,2020-01-02
SSE,2020-01-03
SSE,2020-01-06
SSE,2020-01-07
SSE,2020-01-08
SSE,2020-01-09
SSE,2020-01-10
SSE,2020-01-13
SSE,2020-01-14
SSE,2020-01-15
SSE,2020-01-16
SSE,2020-01-17
SSE,2020-01-20
SSE,2020-01-21
SSE,2020-01-22
SSE,2020-01-23
SSE,2020-02-03
SSE,2020-02-04
SSE,2020-02-05
SSE,2020-02-06
SSE,2020-02-07
SSE,2020-02-10
SSE,2020-02-11
SSE,2020-02-12
SSE,2020-02-13
SSE,2020-02-14
SSE,2020-02-17
SSE,2020-02-18
SSE,2020-02-19
SSE,2020-02-20
SSE,2020-02-21
SSE,2020-02-24
SSE,2020-02-25
SSE,2020-02-26
SSE,2020-02-27
SSE,2020-02-28
SSE,2020-03-02
SSE,2020-03-03
SSE,2020-03-04
SSE,2020-03-05
SSE,2020-03-06
SSE,2020-03-09
SSE,2020-03-10
SSE,2020-03-11
SSE,2020-03-12
SSE,2020-03-13
SSE,2020-03-16
SSE,2020-03-17
SSE,2020-03-18
SSE,2020-03-19
SSE,2020-03-20
SSE,2020-03-23
SSE,2020-03-24
SSE,2020-03-25
SSE,2020-03-26
SSE,2020-03-27
SSE,2020-03-30
SSE,2020-03-31
SSE,2020-04-01
SSE,2020-04-02
SSE,2020-04-03
SSE,2020-04-07
SSE,2020-04-08
SSE,2020-04-09
SSE,2020-04-10
SSE,2020-04-13
SSE,2020-04-14
SSE,2020-04-15
SSE,2020-04-16
SSE,2020-04-17
SSE,2020-04-20
SSE,2020-04-21
SSE,2020-04-22
SSE,2020-04-23
SSE,2020-04-24
SSE,2020-04-27
SSE,2020-04-28
SSE,2020-04-29
SSE,2020-04-30
SSE,2020-05-06
SSE,2020-05-07
SSE,2020-05-08
SSE,2020-05-11
SSE,2020-05-12
SSE,2020-05-13
SSE,2020-05-14
SSE,2020-05-15
SSE,2020-05-18
SSE,2020-05-19
SSE,2020-05-20
SSE,2020-05-21
SSE,2020-05-22
SSE,2020-05-25
SSE,2020-05-26
SSE,2020-05-27
SSE,2020-05-28
SSE,2020-05-29
SSE,2020-06-01
SSE,2020-06-02
SSE,2020-06-03
SSE,2020-06-04
SSE,2020-06-05
SSE,2020-06-08
SSE,2020-06-09
SSE,2020-06-10
SSE,2020-06-11
SSE,2020-06-12
SSE,2020-06-15
SSE,2020-06-16
SSE,2020-06-17
SSE,2020-06-18
SSE,2020-06-19
SSE,2020-06-22
SSE,2020-06-23
SSE,2020-06-24
SSE,2020-06-29
SSE,2020-06-30
SSE,2020-07-01
SSE,2020-07-02
SSE,2020-07-03
SSE,2020-07-06
SSE,2020-07-07
SSE,2020-07-08
SSE,2020-07-09
SSE,2020-07-10
SSE,2020-07-13
SSE,2020-07-14
SSE,2020-07-15
SSE,2020-07-16
SSE,2020-07-17
SSE,2020-07-20
SSE,2020-07-21
SSE,2020-07-22
SSE,2020-07-23
SSE,2020-07-24
SSE,2020-07-27
SSE,2020-07-28
SSE,2020-07-29
SSE,2020-07-30
SSE,2020-07-31
SSE,2020-08-03
SSE,2020-08-04
SSE,2020-08-05
SSE,2020-08-06
SSE,2020-08-07
SSE,2020-08-10
SSE,2020-08-11
SSE,2020-08-12
SSE,2020-08-13
SSE,2020-08-14
SSE,2020-08-17
SSE,2020-08-18
SSE,2020-08-19
SSE,2020-08-20
SSE,2020-08-21
SSE,2020-08-24
SSE,2020-08-25
SSE,2020-08-26
SSE,2020-08-27
SSE,2020-08-28
SSE,2020-08-31
SSE,2020-09-01
SSE,2020-09-02
SSE,2020-09-03
SSE,2020-09-04
SSE,2020-09-07
SSE,2020-09-08
SSE,2020-09-09
SSE,2020-09-10
SSE,2020-09-11
SSE,2020-09-14
SSE,2020-09-15
SSE,2020-09-16
SSE,2020-09-17
SSE,2020-09-18
SSE,2020-09-21
SSE,2020-09-22
SSE,2020-09-23
SSE,2020-09-24
SSE,2020-09-25
SSE,2020-09-28
SSE,2020-09-29
SSE,2020-09-30
SSE,2020-10-09
SSE,2020-10-12
SSE,2020-10-13
SSE,2020-10-14
SSE,2020-10-15
SSE,2020-10-16
SSE,2020-10-19
SSE,2020-10-20
SSE,2020-10-21
SSE,2020-10-22
SSE,2020-10-23
SSE,2020-10-26
SSE,2020-10-27
SSE,2020-10-28
SSE,2020-10-29
SSE,2020-10-30
SSE,2020-11-02
SSE,2020-11-03
SSE,2020-11-04
SSE,2020-11-05
SSE,2020-11-06
SSE,2020-11-09
SSE,2020-11-10
SSE,2020-11-11
SSE,2020-11-12
SSE,2020-11-13
SSE,2020-11-16
SSE,2020-11-17
SSE,2020-11-18
SSE,2020-11-19
SSE,2020-11-20
SSE,2020-11-23
SSE,2020-11-24
SSE,2020-11-25
SSE,2020-11-26
SSE,2020-11-27
SSE,2020-11-30
SSE,2020-12-01
SSE,2020-12-02
SSE,2020-12-03
SSE,2020-12-04
SSE,2020-12-07
SSE,2020-12-08
SSE,2020-12-09
SSE,2020-12-10
SSE,2020-12-11
SSE,2020-12-14
SSE,2020-12-15
SSE,2020-12-16
SSE,2020-12-17
SSE,2020-12-18
SSE,2020-12-21
SSE,2020-12-22
SSE,2020-12-23
SSE,2020-12-24
SSE,2020-12-25
SSE,2020-12-28
SSE,2020-12-29
SSE,2020-12-30
SSE,2020-12-31
SSE,2021-01-04
SSE,2021-01-05
SSE,2021-01-06
SSE,2021-01-07
SSE,2021-01-08
SSE,2021-01-11
SSE,2021-01-12
SSE,2021-01-13
SSE,2021-01-14
SSE,2021-01-15
SSE,2021-01-18
SSE,2021-01-19
SSE,2021-01-20
SSE,2021-01-21
SSE,2021-01-22
SSE,2021-01-25
SSE,2021-01-26
SSE,2021-01-27
SSE,2021-01-28
SSE,2021-01-29
SSE,2021-02-01
SSE,2021-02-02
SSE,2021-02-03
SSE,2021-02-04
SSE,2021-02-05
SSE,2021-02-08
SSE,2021-02-09
SSE,2021-02-10
SSE,2021-02-18
SSE,2021-02-19
SSE,2021-02-22
SSE,2021-02-23
SSE,2021-02-24
SSE,2021-02-25
SSE,2021-02-26
SSE,2021-03-01
SSE,2021-03-02
SSE,2021-03-03
SSE,2021-03-04
SSE,2021-03-05
SSE,2021-03-08
SSE,2021-03-09
SSE,2021-03-10
SSE,2021-03-11
SSE,2021-03-12
SSE,2021-03-15
SSE,2021-03-16
SSE,2021-03-17
SSE,2021-03-18
SSE,2021-03-19
SSE,2021-03-22
SSE,2021-03-23
SSE,2021-03-24
SSE,2021-03-25
SSE,2021-03-26
SSE,2021-03-29
SSE,2021-03-30
SSE,2021-03-31
SSE,2021-04-01
SSE,2021-04-02
SSE,2021-04-06
SSE,2021-04-07
SSE,2021-04-08
SSE,2021-04-09
SSE,2021-04-12
SSE,2021-04-13
SSE,2021-04-14
SSE,2021-04-15
SSE,2021-04-16
SSE,2021-04-19
SSE,2021-04-20
SSE,2021-04-21
SSE,2021-04-22
SSE,2021-04-23
SSE,2021-04-26
SSE,2021-04-27
SSE,2021-04-28
SSE,2021-04-29
SSE,2021-04-30
SSE,2021-05-06
SSE,2021-05-07
SSE,2021-05-10
SSE,2021-05-11
SSE,2021-05-12
SSE,2021-05-13
SSE,2021-05-14
SSE,2021-05-17
SSE,2021-05-18
SSE,2021-05-19
SSE,2021-05-20
SSE,2021-05-21
SSE,2021-05-24
SSE,2021-05-25
SSE,2021-05-26
SSE,2021-05-27
SSE,2021-05-28
SSE,2021-05-31
SSE,2021-06-01
SSE,2021-06-02
SSE,2021-06-03
SSE,2021-06-04
SSE,2021-06-07
SSE,2021-06-08
SSE,2021-06-09
SSE,2021-06-10
SSE,2021-06-11
SSE,2021-06-15
SSE,2021-06-16
SSE,2021-06-17
SSE,2021-06-18
SSE,2021-06-21
SSE,2021-06-22
SSE,2021-06-23
SSE,2021-06-24
SSE,2021-06-25
SSE,2021-06-28
SSE,2021-06-29
SSE,2021-06-30
SSE,2021-07-01
SSE,2021-07-02
SSE,2021-07-05
SSE,2021-07-06
SSE,2021-07-07
SSE,2021-07-08
SSE,2021-07-09
SSE,2021-07-12
SSE,2021-07-13
SSE,2021-07-14
SSE,2021-07-15
SSE,2021-07-16
SSE,2021-07-19
SSE,2021-07-20
SSE,2021-07-21
SSE,2021-07-22
SSE,2021-07-23
SSE,2021-07-26
SSE,2021-07-27
SSE,2021-07-28
SSE,2021-07-29
SSE,2021-07-30
SSE,2021-08-02
SSE,2021-08-03
SSE,2021-08-04
SSE,2021-08-05
SSE,2021-08-06
SSE,2021-08-09
SSE,2021-08-10
SSE,2021-08-11
SSE,2021-08-12
SSE,2021-08-13
SSE,2021-08-16
SSE,2021-08-17
SSE,2021-08-18
SSE,2021-08-19
SSE,2021-08-20
SSE,2021-08-23
SSE,2021-08-24
SSE,2021-08-25
SSE,2021-08-26
SSE,2021-08-27
SSE,2021-08-30
SSE,2021-08-31
SSE,2021-09-01
SSE,2021-09-02
SSE,2021-09-03
SSE,2021-09-06
SSE,2021-09-07
SSE,2021-09-08
SSE,2021-09-09
SSE,2021-09-10
SSE,2021-09-13
SSE,2021-09-14
SSE,2021-09-15
SSE,2021-09-16
SSE,2021-09-17
SSE,2021-09-22
SSE,2021-09-23
SSE,2021-09-24
SSE,2021-09-27
SSE,2021-09-28
SSE,2021-09-29
SSE,2021-09-30
SSE,2021-10-08
SSE,2021-10-11
SSE,2021-10-12
SSE,2021-10-13
SSE,2021-10-14
SSE,2021-10-15
SSE,2021-10-18
SSE,2021-10-19
SSE,2021-10-20
SSE,2021-10-21
SSE,2021-10-22
SSE,2021-10-25
SSE,2021-10-26
SSE,2021-10-27
SSE,2021-10-28
SSE,2021-10-29
SSE,2021-11-01
SSE,2021-11-02
SSE,2021-11-03
SSE,2021-11-04
SSE,2021-11-05
SSE,2021-11-08
SSE,2021-11-09
SSE,2021-11-10
SSE,2021-11-11
SSE,2021-11-12
SSE,2021-11-15
SSE,2021-11-16
SSE,2021-11-17
SSE,2021-11-18
SSE,2021-11-19
SSE,2021-11-22
SSE,2021-11-23
SSE,2021-11-24
SSE,2021-11-25
SSE,2021-11-26
SSE,2021-11-29
SSE,2021-11-30
SSE,2021-12-01
SSE,2021-12-02
SSE,2021-12-03
SSE,2021-12-06
SSE,2021-12-07
SSE,2021-12-08
SSE,2021-12-09
SSE,2021-12-10
SSE,2021-12-13
SSE,2021-12-14
SSE,2021-12-15
SSE,2021-12-16
SSE,2021-12-17
SSE,2021-12-20
SSE,2021-12-21
SSE,2021-12-22
SSE,2021-12-23
SSE,2021-12-24
SSE,2021-12-27
SSE,2021-12-28
SSE,2021-12-29
SSE,2021-12-30
SSE,2021-12-31
SSE,2022-01-04
SSE,2022-01-05
SSE,2022-01-06
SSE,2022-01-07
SSE,2022-01-10
SSE,2022-01-11
SSE,2022-01-12
SSE,2022-01-13
SSE,2022-01-14
SSE,2022-01-17
SSE,2022-01-18
SSE,2022-01-19
SSE,2022-01-20
SSE,2022-01-21
SSE,2022-01-24
SSE,2022-01-25
SSE,2022-01-26
SSE,2022-01-27
SSE,2022-01-28
SSE,2022-02-07
SSE,2022-02-08
SSE,2022-02-09
SSE,2022-02-10
SSE,2022-02-11
SSE,2022-02-14
SSE,2022-02-15
SSE,2022-02-16
SSE,2022-02-17
SSE,2022-02-18
SSE,2022-02-21
SSE,2022-02-22
SSE,2022-02-23
SSE,2022-02-24
SSE,2022-02-25
SSE,2022-02-28
SSE,2022-03-01
SSE,2022-03-02
SSE,2022-03-03
SSE,2022-03-04
SSE,2022-03-07
SSE,2022-03-08
SSE,2022-03-09
SSE,2022-03-10
SSE,2022-03-11
SSE,2022-03-14
SSE,2022-03-15
SSE,2022-03-16
SSE,2022-03-17
SSE,2022-03-18
SSE,2022-03-21
SSE,2022-03-22
SSE,2022-03-23
SSE,2022-03-24
SSE,2022-03-25
SSE,2022-03-28
SSE,2022-03-29
SSE,2022-03-30
SSE,2022-03-31
SSE,2022-04-01
SSE,2022-04-06
SSE,2022-04-07
SSE,2022-04-08
SSE,2022-04-11
SSE,2022-04-12
SSE,2022-04-13
SSE,2022-04-14
SSE,2022-04-15
SSE,2022-04-18
SSE,2022-04-19
SSE,2022-04-20
SSE,2022-04-21
SSE,2022-04-22
SSE,2022-04-25
SSE,2022-04-26
SSE,2022-04-27
SSE,2022-04-28
SSE,2022-04-29
SSE,2022-05-05
SSE,2022-05-06
SSE,2022-05-09
SSE,2022-05-10
SSE,2022-05-11
SSE,2022-05-12
SSE,2022-05-13
SSE,2022-05-16
SSE,2022-05-17
SSE,2022-05-18
SSE,2022-05-19
SSE,2022-05-20
SSE,2022-05-23
SSE,2022-05-24
SSE,2022-05-25
SSE,2022-05-26
SSE,2022-05-27
SSE,2022-05-30
SSE,2022-05-31
SSE,2022-06-01
SSE,2022-06-02
SSE,2022-06-06
SSE,2022-06-07
SSE,2022-06-08
SSE,2022-06-09
SSE,2022-06-10
SSE,2022-06-13
SSE,2022-06-14
SSE,2022-06-15
SSE,2022-06-16
SSE,2022-06-17
SSE,2022-06-20
SSE,2022-06-21
SSE,2022-06-22
SSE,2022-06-23
SSE,2022-06-24
SSE,2022-06-27
SSE,2022-06-28
SSE,2022-06-29
SSE,2022-06-30
SSE,2022-07-01
SSE,2022-07-04
SSE,2022-07-05
SSE,2022-07-06
SSE,2022-07-07
SSE,2022-07-08
SSE,2022-07-11
SSE,2022-07-12
SSE,2022-07-13
SSE,2022-07-14
SSE,2022-07-15
SSE,2022-07-18
SSE,2022-07-19
SSE,2022-07-20
SSE,2022-07-21
SSE,2022-07-22
SSE,2022-07-25
SSE,2022-07-26
SSE,2022-07-27
SSE,2022-07-28
SSE,2022-07-29
SSE,2022-08-01
SSE,2022-08-02
SSE,2022-08-03
SSE,2022-08-04
SSE,2022-08-05
SSE,2022-08-08
SSE,2022-08-09
SSE,2022-08-10
SSE,2022-08-11
SSE,2022-08-12
SSE,2022-08-15
SSE,2022-08-16
SSE,2022-08-17
SSE,2022-08-18
SSE,2022-08-19
SSE,2022-08-22
SSE,2022-08-23
SSE,2022-08-24
SSE,2022-08-25
SSE,2022-08-26
SSE,2022-08-29
SSE,2022-08-30
SSE,2022-08-31
SSE,2022-09-01
SSE,2022-09-02
SSE,2022-09-05
SSE,2022-09-06
SSE,2022-09-07
SSE,2022-09-08
SSE,2022-09-09
SSE,2022-09-13
SSE,2022-09-14
SSE,2022-09-15
SSE,2022-09-16
SSE,2022-09-19
SSE,2022-09-20
SSE,2022-09-21
SSE,2022-09-22
SSE,2022-09-23
SSE,2022-09-26
SSE,2022-09-27
SSE,2022-09-28
SSE,2022-09-29
SSE,2022-09-30
SSE,2022-10-10
SSE,2022-10-11
SSE,2022-10-12
SSE,2022-10-13
SSE,2022-10-14
SSE,2022-10-17
SSE,2022-10-18
SSE,2022-10-19
SSE,2022-10-20
SSE,2022-10-21
SSE,2022-10-24
SSE,2022-10-25
SSE,2022-10-26
SSE,2022-10-27
SSE,2022-10-28
SSE,2022-10-31
SSE,2022-11-01
SSE,2022-11-02
SSE,2022-11-03
SSE,2022-11-04
SSE,2022-11-07
SSE,2022-11-08
SSE,2022-11-09
SSE,2022-11-10
SSE,2022-11-11
SSE,2022-11-14
SSE,2022-11-15
SSE,2022-11-16
SSE,2022-11-17
SSE,2022-11-18
SSE,2022-11-21
SSE,2022-11-22
SSE,2022-11-23
SSE,2022-11-24
SSE,2022-11-25
SSE,2022-11-28
SSE,2022-11-29
SSE,2022-11-30
SSE,2022-12-01
SSE,2022-12-02
SSE,2022-12-05
SSE,2022-12-06
SSE,2022-12-07
SSE,2022-12-08
SSE,2022-12-09
SSE,2022-12-12
SSE,2022-12-13
SSE,2022-12-14
SSE,2022-12-15
SSE,2022-12-16
SSE,2022-12-19
SSE,2022-12-20
SSE,2022-12-21
SSE,2022-12-22
SSE,2022-12-23
SSE,2022-12-26
SSE,2022-12-27
SSE,2022-12-28
SSE,2022-12-29
SSE,2022-12-30
SSE,2023-01-03
SSE,2023-01-04
SSE,2023-01-05
SSE,2023-01-06
SSE,2023-01-09
SSE,2023-01-10
SSE,2023-01-11
SSE,2023-01-12
SSE,2023-01-13
SSE,2023-01-16
SSE,2023-01-17
SSE,2023-01-18
SSE,2023-01-19
SSE,2023-01-20
SSE,2023-01-30
SSE,2023-01-31
SSE,2023-02-01
SSE,2023-02-02
SSE,2023-02-03
SSE,2023-02-06
SSE,2023-02-07
SSE,2023-02-08
SSE,2023-02-09
SSE,2023-02-10
SSE,2023-02-13
SSE,2023-02-14
SSE,2023-02-15
SSE,2023-02-16
SSE,2023-02-17
SSE,2023-02-20
SSE,2023-02-21
SSE,2023-02-22
SSE,2023-02-23
SSE,2023-02-24
SSE,2023-02-27
SSE,2023-02-28
SSE,2023-03-01
SSE,2023-03-02
SSE,2023-03-03
SSE,2023-03-06
SSE,2023-03-07
SSE,2023-03-08
SSE,2023-03-09
SSE,2023-03-10
SSE,2023-03-13
SSE,2023-03-14
SSE,2023-03-15
SSE,2023-03-16
SSE,2023-03-17
SSE,2023-03-20
SSE,2023-03-21
SSE,2023-03-22
SSE,2023-03-23
SSE,2023-03-24
SSE,2023-03-27
SSE,2023-03-28
SSE,2023-03-29
SSE,2023-03-30
SSE,2023-03-31
SSE,2023-04-03
SSE,2023-04-04
SSE,2023-04-06
SSE,2023-04-07
SSE,2023-04-10
SSE,2023-04-11
SSE,2023-04-12
SSE,2023-04-13
SSE,2023-04-14
SSE,2023-04-17
SSE,2023-04-18
SSE,2023-04-19
SSE,2023-04-20
SSE,2023-04-21
SSE,2023-04-24
SSE,2023-04-25
SSE,2023-04-26
SSE,2023-04-27
SSE,2023-04-28
SSE,2023-05-04
SSE,2023-05-05
SSE,2023-05-08
SSE,2023-05-09
SSE,2023-05-10
SSE,2023-05-11
SSE,2023-05-12
SSE,2023-05-15
SSE,2023-05-16
SSE,2023-05-17
SSE,2023-05-18
SSE,2023-05-19
SSE,2023-05-22
SSE,2023-05-23
SSE,2023-05-24
SSE,2023-05-25
SSE,2023-05-26
SSE,2023-05-29
SSE,2023-05-30
SSE,2023-05-31
SSE,2023-06-01
SSE,2023-06-02
SSE,2023-06-05
SSE,2023-06-06
SSE,2023-06-07
SSE,2023-06-08
SSE,2023-06-09
SSE,2023-06-12
SSE,2023-06-13
SSE,2023-06-14
SSE,2023-06-15
SSE,2023-06-16
SSE,2023-06-19
SSE,2023-06-20
SSE,2023-06-21
SSE,2023-06-26
SSE,2023-06-27
SSE,2023-06-28
SSE,2023-06-29
SSE,2023-06-30
SSE,2023-07-03
SSE,2023-07-04
SSE,2023-07-05
SSE,2023-07-06
SSE,2023-07-07
SSE,2023-07-10
SSE,2023-07-11
SSE,2023-07-12
SSE,2023-07-13
SSE,2023-07-14
SSE,2023-07-17
SSE,2023-07-18
SSE,2023-07-19
SSE,2023-07-20
SSE,2023-07-21
SSE,2023-07-24
SSE,2023-07-25
SSE,2023-07-26
SSE,2023-07-27
SSE,2023-07-28
SSE,2023-07-31
SSE,2023-08-01
SSE,2023-08-02
SSE,2023-08-03
SSE,2023-08-04
SSE,2023-08-07
SSE,2023-08-08
SSE,2023-08-09
SSE,2023-08-10
SSE,2023-08-11
SSE,2023-08-14
SSE,2023-08-15
SSE,2023-08-16
SSE,2023-08-17
SSE,2023-08-18
SSE,2023-08-21
SSE,2023-08-22
SSE,2023-08-23
SSE,2023-08-24
SSE,2023-08-25
SSE,2023-08-28
SSE,2023-08-29
SSE,2023-08-30
SSE,2023-08-31
SSE,2023-09-01
SSE,2023-09-04
SSE,2023-09-05
SSE,2023-09-06
SSE,2023-09-07
SSE,2023-09-08
SSE,2023-09-11
SSE,2023-09-12
SSE,2023-09-13
SSE,2023-09-14
SSE,2023-09-15
SSE,2023-09-18
SSE,2023-09-19
SSE,2023-09-20
SSE,2023-09-21
SSE,2023-09-22
SSE,2023-09-25
SSE,2023-09-26
SSE,2023-09-27
SSE,2023-09-28
SSE,2023-10-09
SSE,2023-10-10
SSE,2023-10-11
SSE,2023-10-12
SSE,2023-10-13
SSE,2023-10-16
SSE,2023-10-17
SSE,2023-10-18
SSE,2023-10-19
SSE,2023-10-20
SSE,2023-10-23
SSE,2023-10-24
SSE,2023-10-25
SSE,2023-10-26
SSE,2023-10-27
SSE,2023-10-30
SSE,2023-10-31
SSE,2023-11-01
SSE,2023-11-02
SSE,2023-11-03
SSE,2023-11-06
SSE,2023-11-07
SSE,2023-11-08
SSE,2023-11-09
SSE,2023-11-10
SSE,2023-11-13
SSE,2023-11-14
SSE,2023-11-15
SSE,2023-11-16
SSE,2023-11-17
SSE,2023-11-20
SSE,2023-11-21
SSE,2023-11-22
SSE,2023-11-23
SSE,2023-11-24
SSE,2023-11-27
SSE,2023-11-28
SSE,2023-11-29
SSE,2023-11-30
SSE,2023-12-01
SSE,2023-12-04
SSE,2023-12-05
SSE,2023-12-06
SSE,2023-12-07
SSE,2023-12-08
SSE,2023-12-11
SSE,2023-12-12
SSE,2023-12-13
SSE,2023-12-14
SSE,2023-12-15
SSE,2023-12-18
SSE,2023-12-19
SSE,2023-12-20
SSE,2023-12-21
SSE,2023-12-22
SSE,2023-12-25
SSE,2023-12-26
SSE,2023-12-27
SSE,2023-12-28
SSE,2023-12-29
SSE,2024-01-02
SSE,2024-01-03
SSE,2024-01-04
SSE,2024-01-05
SSE,2024-01-08
SSE,2024-01-09
SSE,2024-01-10
SSE,2024-01-11
SSE,2024-01-12
SSE,2024-01-15
SSE,2024-01-16
SSE,2024-01-17
SSE,2024-01-18
SSE,2024-01-19
SSE,2024-01-22
SSE,2024-01-23
SSE,2024-01-24
SSE,2024-01-25
SSE,2024-01-26
SSE,2024-01-29
SSE,2024-01-30
SSE,2024-01-31
SSE,2024-02-01
SSE,2024-02-02
SSE,2024-02-05
SSE,2024-02-06
SSE,2024-02-07
SSE,2024-02-08
SSE,2024-02-19
SSE,2024-02-20
SSE,2024-02-21
SSE,2024-02-22
SSE,2024-02-23
SSE,2024-02-26
SSE,2024-02-27
SSE,2024-02-28
SSE,2024-02-29
SSE,2024-03-01
SSE,2024-03-04
SSE,2024-03-05
SSE,2024-03-06
SSE,2024-03-07
SSE,2024-03-08
SSE,2024-03-11
SSE,2024-03-12
SSE,2024-03-13
SSE,2024-03-14
SSE,2024-03-15
SSE,2024-03-18
SSE,2024-03-19
SSE,2024-03-20
SSE,2024-03-21
SSE,2024-03-22
SSE,2024-03-25
SSE,2024-03-26
SSE,2024-03-27
SSE,2024-03-28
SSE,2024-03-29
SSE,2024-04-01
SSE,2024-04-02
SSE,2024-04-03
SSE,2024-04-08
SSE,2024-04-09
SSE,2024-04-10
SSE,2024-04-11
SSE,2024-04-12
SSE,2024-04-15
SSE,2024-04-16
SSE,2024-04-17
SSE,2024-04-18
SSE,2024-04-19
SSE,2024-04-22
SSE,2024-04-23
SSE,2024-04-24
SSE,2024-04-25
SSE,2024-04-26
SSE,2024-04-29
SSE,2024-04-30
SSE,2024-05-06
SSE,2024-05-07
SSE,2024-05-08
SSE,2024-05-09
SSE,2024-05-10
SSE,2024-05-13
SSE,2024-05-14
SSE,2024-05-15
SSE,2024-05-16
SSE,2024-05-17
SSE,2024-05-20
SSE,2024-05-21
SSE,2024-05-22
SSE,2024-05-23
SSE,2024-05-24
SSE,2024-05-27
SSE,2024-05-28
SSE,2024-05-29
SSE,2024-05-30
SSE,2024-05-31
SSE,2024-06-03
SSE,2024-06-04
SSE,2024-06-05
SSE,2024-06-06
SSE,2024-06-07
SSE,2024-06-11
SSE,2024-06-12
SSE,2024-06-13
SSE,2024-06-14
SSE,2024-06-17
SSE,2024-06-18
SSE,2024-06-19
SSE,2024-06-20
SSE,2024-06-21
SSE,2024-06-24
SSE,2024-06-25
SSE,2024-06-26
SSE,2024-06-27
SSE,2024-06-28
SSE,2024-07-01
SSE,2024-07-02
SSE,2024-07-03
SSE,2024-07-04
SSE,2024-07-05
SSE,2024-07-08
SSE,2024-07-09
SSE,2024-07-10
SSE,2024-07-11
SSE,2024-07-12
SSE,2024-07-15
SSE,2024-07-16
SSE,2024-07-17
SSE,2024-07-18
SSE,2024-07-19
SSE,2024-07-22
SSE,2024-07-23
SSE,2024-07-24
SSE,2024-07-25
SSE,2024-07-26
SSE,2024-07-29
SSE,2024-07-30
SSE,2024-07-31
SSE,2024-08-01
SSE,2024-08-02
SSE,2024-08-05
SSE,2024-08-06
SSE,2024-08-07
SSE,2024-08-08
SSE,2024-08-09
SSE,2024-08-12
SSE,2024-08-13
SSE,2024-08-14
SSE,2024-08-15
SSE,2024-08-16
SSE,2024-08-19
SSE,2024-08-20
SSE,2024-08-21
SSE,2024-08-22
SSE,2024-08-23
SSE,2024-08-26
SSE,2024-08-27
SSE,2024-08-28
SSE,2024-08-29
SSE,2024-08-30
SSE,2024-09-02
SSE,2024-09-03
SSE,2024-09-04
SSE,2024-09-05
SSE,2024-09-06
SSE,2024-09-09
SSE,2024-09-10
SSE,2024-09-11
SSE,2024-09-12
SSE,2024-09-13
SSE,2024-09-18
SSE,2024-09-19
SSE,2024-09-20
SSE,2024-09-23
SSE,2024-09-24
SSE,2024-09-25
SSE,2024-09-26
SSE,2024-09-27
SSE,2024-09-30
SSE,2024-10-08
SSE,2024-10-09
SSE,2024-10-10
SSE,2024-10-11
SSE,2024-10-14
SSE,2024-10-15
SSE,2024-10-16
SSE,2024-10-17
SSE,2024-10-18
SSE,2024-10-21
SSE,2024-10-22
SSE,2024-10-23
SSE,2024-10-24
SSE,2024-10-25
SSE,2024-10-28
SSE,2024-10-29
SSE,2024-10-30
SSE,2024-10-31
SSE,2024-11-01
SSE,2024-11-04
SSE,2024-11-05
SSE,2024-11-06
SSE,2024-11-07
SSE,2024-11-08
SSE,2024-11-11
SSE,2024-11-12
SSE,2024-11-13
SSE,2024-11-14
SSE,2024-11-15
SSE,2024-11-18
SSE,2024-11-19
SSE,2024-11-20
SSE,2024-11-21
SSE,2024-11-22
SSE,2024-11-25
SSE,2024-11-26
SSE,2024-11-27
SSE,2024-11-28
SSE,2024-11-29
SSE,2024-12-02
SSE,2024-12-03
SSE,2024-12-04
SSE,2024-12-05
SSE,2024-12-06
SSE,2024-12-09
SSE,2024-12-10
SSE,2024-12-11
SSE,2024-12-12
SSE,2024-12-13
SSE,2024-12-16
SSE,2024-12-17
SSE,2024-12-18
SSE,2024-12-19
SSE,2024-12-20
SSE,2024-12-23
SSE,2024-12-24
SSE,2024-12-25
SSE,2024-12-26
SSE,2024-12-27
SSE,2024-12-30
SSE,2024-12-31
SZSE,2015-01-05
SZSE,2015-01-06
SZSE,2015-01-07
SZSE,2015-01-08
SZSE,2015-01-09
SZSE,2015-01-12
SZSE,2015-01-13
SZSE,2015-01-14
SZSE,2015-01-15
SZSE,2015-01-16
SZSE,2015-01-19
SZSE,2015-01-20
SZSE,2015-01-21
SZSE,2015-01-22
SZSE,2015-01-23
SZSE,2015-01-26
SZSE,2015-01-27
SZSE,2015-01-28
SZSE,2015-01-29
SZSE,2015-01-30
SZSE,2015-02-02
SZSE,2015-02-03
SZSE,2015-02-04
SZSE,2015-02-05
SZSE,2015-02-06
SZSE,2015-02-09
SZSE,2015-02-10
SZSE,2015-02-11
SZSE,2015-02-12
SZSE,2015-02-13
SZSE,2015-02-16
SZSE,2015-02-17
SZSE,2015-02-25
SZSE,2015-02-26
SZSE,2015-02-27
SZSE,2015-03-02
SZSE,2015-03-03
SZSE,2015-03-04
SZSE,2015-03-05
SZSE,2015-03-06
SZSE,2015-03-09
SZSE,2015-03-10
SZSE,2015-03-11
SZSE,2015-03-12
SZSE,2015-03-13
SZSE,2015-03-16
SZSE,2015-03-17
SZSE,2015-03-18
SZSE,2015-03-19
SZSE,2015-03-20
SZSE,2015-03-23
SZSE,2015-03-24
SZSE,2015-03-25
SZSE,2015-03-26
SZSE,2015-03-27
SZSE,2015-03-30
SZSE,2015-03-31
SZSE,2015-04-01
SZSE,2015-04-02
SZSE,2015-04-03
SZSE,2015-04-07
SZSE,2015-04-08
SZSE,2015-04-09
SZSE,2015-04-10
SZSE,2015-04-13
SZSE,2015-04-14
SZSE,2015-04-15
SZSE,2015-04-16
SZSE,2015-04-17
SZSE,2015-04-20
SZSE,2015-04-21
SZSE,2015-04-22
SZSE,2015-04-23
SZSE,2015-04-24
SZSE,2015-04-27
SZSE,2015-04-28
SZSE,2015-04-29
SZSE,2015-04-30
SZSE,2015-05-04
SZSE,2015-05-05
SZSE,2015-05-06
SZSE,2015-05-07
SZSE,2015-05-08
SZSE,2015-05-11
SZSE,2015-05-12
SZSE,2015-05-13
SZSE,2015-05-14
SZSE,2015-05-15
SZSE,2015-05-18
SZSE,2015-05-19
SZSE,2015-05-20
SZSE,2015-05-21
SZSE,2015-05-22
SZSE,2015-05-25
SZSE,2015-05-26
SZSE,2015-05-27
SZSE,2015-05-28
SZSE,2015-05-29
SZSE,2015-06-01
SZSE,2015-06-02
SZSE,2015-06-03
SZSE,2015-06-04
SZSE,2015-06-05
SZSE,2015-06-08
SZSE,2015-06-09
SZSE,2015-06-10
SZSE,2015-06-11
SZSE,2015-06-12
SZSE,2015-06-15
SZSE,2015-06-16
SZSE,2015-06-17
SZSE,2015-06-18
SZSE,2015-06-19
SZSE,2015-06-23
SZSE,2015-06-24
SZSE,2015-06-25
SZSE,2015-06-26
SZSE,2015-06-29
SZSE,2015-06-30
SZSE,2015-07-01
SZSE,2015-07-02
SZSE,2015-07-03
SZSE,2015-07-06
SZSE,2015-07-07
SZSE,2015-07-08
SZSE,2015-07-09
SZSE,2015-07-10
SZSE,2015-07-13
SZSE,2015-07-14
SZSE,2015-07-15
SZSE,2015-07-16
SZSE,2015-07-17
SZSE,2015-07-20
SZSE,2015-07-21
SZSE,2015-07-22
SZSE,2015-07-23
SZSE,2015-07-24
SZSE,2015-07-27
SZSE,2015-07-28
SZSE,2015-07-29
SZSE,2015-07-30
SZSE,2015-07-31
SZSE,2015-08-03
SZSE,2015-08-04
SZSE,2015-08-05
SZSE,2015-08-06
SZSE,2015-08-07
SZSE,2015-08-10
SZSE,2015-08-11
SZSE,2015-08-12
SZSE,2015-08-13
SZSE,2015-08-14
SZSE,2015-08-17
SZSE,2015-08-18
SZSE,2015-08-19
SZSE,2015-08-20
SZSE,2015-08-21
SZSE,2015-08-24
SZSE,2015-08-25
SZSE,2015-08-26
SZSE,2015-08-27
SZSE,2015-08-28
SZSE,2015-08-31
SZSE,2015-09-01
SZSE,2015-09-02
SZSE,2015-09-07
SZSE,2015-09-08
SZSE,2015-09-09
SZSE,2015-09-10
SZSE,2015-09-11
SZSE,2015-09-14
SZSE,2015-09-15
SZSE,2015-09-16
SZSE,2015-09-17
SZSE,2015-09-18
SZSE,2015-09-21
SZSE,2015-09-22
SZSE,2015-09-23
SZSE,2015-09-24
SZSE,2015-09-25
SZSE,2015-09-28
SZSE,2015-09-29
SZSE,2015-09-30
SZSE,2015-10-08
SZSE,2015-10-09
SZSE,2015-10-12
SZSE,2015-10-13
SZSE,2015-10-14
SZSE,2015-10-15
SZSE,2015-10-16
SZSE,2015-10-19
SZSE,2015-10-20
SZSE,2015-10-21
SZSE,2015-10-22
SZSE,2015-10-23
SZSE,2015-10-26
SZSE,2015-10-27
SZSE,2015-10-28
SZSE,2015-10-29
SZSE,2015-10-30
SZSE,2015-11-02
SZSE,2015-11-03
SZSE,2015-11-04
SZSE,2015-11-05
SZSE,2015-11-06
SZSE,2015-11-09
SZSE,2015-11-10
SZSE,2015-11-11
SZSE,2015-11-12
SZSE,2015-11-13
SZSE,2015-11-16
SZSE,2015-11-17
SZSE,2015-11-18
SZSE,2015-11-19
SZSE,2015-11-20
SZSE,2015-11-23
SZSE,2015-11-24
SZSE,2015-11-25
SZSE,2015-11-26
SZSE,2015-11-27
SZSE,2015-11-30
SZSE,2015-12-01
SZSE,2015-12-02
SZSE,2015-12-03
SZSE,2015-12-04
SZSE,2015-12-07
SZSE,2015-12-08
SZSE,2015-12-09
SZSE,2015-12-10
SZSE,2015-12-11
SZSE,2015-12-14
SZSE,2015-12-15
SZSE,2015-12-16
SZSE,2015-12-17
SZSE,2015-12-18
SZSE,2015-12-21
SZSE,2015-12-22
SZSE,2015-12-23
SZSE,2015-12-24
SZSE,2015-12-25
SZSE,2015-12-28
SZSE,2015-12-29
SZSE,2015-12-30
SZSE,2015-12-31
SZSE,2016-01-04
SZSE,2016-01-05
SZSE,2016-01-06
SZSE,2016-01-07
SZSE,2016-01-08
SZSE,2016-01-11
SZSE,2016-01-12
SZSE,2016-01-13
SZSE,2016-01-14
SZSE,2016-01-15
SZSE,2016-01-18
SZSE,2016-01-19
SZSE,2016-01-20
SZSE,2016-01-21
SZSE,2016-01-22
SZSE,2016-01-25
SZSE,2016-01-26
SZSE,2016-01-27
SZSE,2016-01-28
SZSE,2016-01-29
SZSE,2016-02-01
SZSE,2016-02-02
SZSE,2016-02-03
SZSE,2016-02-04
SZSE,2016-02-05
SZSE,2016-02-15
SZSE,2016-02-16
SZSE,2016-02-17
SZSE,2016-02-18
SZSE,2016-02-19
SZSE,2016-02-22
SZSE,2016-02-23
SZSE,2016-02-24
SZSE,2016-02-25
SZSE,2016-02-26
SZSE,2016-02-29
SZSE,2016-03-01
SZSE,2016-03-02
SZSE,2016-03-03
SZSE,2016-03-04
SZSE,2016-03-07
SZSE,2016-03-08
SZSE,2016-03-09
SZSE,2016-03-10
SZSE,2016-03-11
SZSE,2016-03-14
SZSE,2016-03-15
SZSE,2016-03-16
SZSE,2016-03-17
SZSE,2016-03-18
SZSE,2016-03-21
SZSE,2016-03-22
SZSE,2016-03-23
SZSE,2016-03-24
SZSE,2016-03-25
SZSE,2016-03-28
SZSE,2016-03-29
SZSE,2016-03-30
SZSE,2016-03-31
SZSE,2016-04-01
SZSE,2016-04-05
SZSE,2016-04-06
SZSE,2016-04-07
SZSE,2016-04-08
SZSE,2016-04-11
SZSE,2016-04-12
SZSE,2016-04-13
SZSE,2016-04-14
SZSE,2016-04-15
SZSE,2016-04-18
SZSE,2016-04-19
SZSE,2016-04-20
SZSE,2016-04-21
SZSE,2016-04-22
SZSE,2016-04-25
SZSE,2016-04-26
SZSE,2016-04-27
SZSE,2016-04-28
SZSE,2016-04-29
SZSE,2016-05-03
SZSE,2016-05-04
SZSE,2016-05-05
SZSE,2016-05-06
SZSE,2016-05-09
SZSE,2016-05-10
SZSE,2016-05-11
SZSE,2016-05-12
SZSE,2016-05-13
SZSE,2016-05-16
SZSE,2016-05-17
SZSE,2016-05-18
SZSE,2016-05-19
SZSE,2016-05-20
SZSE,2016-05-23
SZSE,2016-05-24
SZSE,2016-05-25
SZSE,2016-05-26
SZSE,2016-05-27
SZSE,2016-05-30
SZSE,2016-05-31
SZSE,2016-06-01
SZSE,2016-06-02
SZSE,2016-06-03
SZSE,2016-06-06
SZSE,2016-06-07
SZSE,2016-06-08
SZSE,2016-06-13
SZSE,2016-06-14
SZSE,2016-06-15
SZSE,2016-06-16
SZSE,2016-06-17
SZSE,2016-06-20
SZSE,2016-06-21
SZSE,2016-06-22
SZSE,2016-06-23
SZSE,2016-06-24
SZSE,2016-06-27
SZSE,2016-06-28
SZSE,2016-06-29
SZSE,2016-06-30
SZSE,2016-07-01
SZSE,2016-07-04
SZSE,2016-07-05
SZSE,2016-07-06
SZSE,2016-07-07
SZSE,2016-07-08
SZSE,2016-07-11
SZSE,2016-07-12
SZSE,2016-07-13
SZSE,2016-07-14
SZSE,2016-07-15
SZSE,2016-07-18
SZSE,2016-07-19
SZSE,2016-07-20
SZSE,2016-07-21
SZSE,2016-07-22
SZSE,2016-07-25
SZSE,2016-07-26
SZSE,2016-07-27
SZSE,2016-07-28
SZSE,2016-07-29
SZSE,2016-08-01
SZSE,2016-08-02
SZSE,2016-08-03
SZSE,2016-08-04
SZSE,2016-08-05
SZSE,2016-08-08
SZSE,2016-08-09
SZSE,2016-08-10
SZSE,2016-08-11
SZSE,2016-08-12
SZSE,2016-08-15
SZSE,2016-08-16
SZSE,2016-08-17
SZSE,2016-08-18
SZSE,2016-08-19
SZSE,2016-08-22
SZSE,2016-08-23
SZSE,2016-08-24
SZSE,2016-08-25
SZSE,2016-08-26
SZSE,2016-08-29
SZSE,2016-08-30
SZSE,2016-08-31
SZSE,2016-09-01
SZSE,2016-09-02
SZSE,2016-09-05
SZSE,2016-09-06
SZSE,2016-09-07
SZSE,2016-09-08
SZSE,2016-09-09
SZSE,2016-09-12
SZSE,2016-09-13
SZSE,2016-09-14
SZSE,2016-09-19
SZSE,2016-09-20
SZSE,2016-09-21
SZSE,2016-09-22
SZSE,2016-09-23
SZSE,2016-09-26
SZSE,2016-09-27
SZSE,2016-09-28
SZSE,2016-09-29
SZSE,2016-09-30
SZSE,2016-10-10
SZSE,2016-10-11
SZSE,2016-10-12
SZSE,2016-10-13
SZSE,2016-10-14
SZSE,2016-10-17
SZSE,2016-10-18
SZSE,2016-10-19
SZSE,2016-10-20
SZSE,2016-10-21
SZSE,2016-10-24
SZSE,2016-10-25
SZSE,2016-10-26
SZSE,2016-10-27
SZSE,2016-10-28
SZSE,2016-10-31
SZSE,2016-11-01
SZSE,2016-11-02
SZSE,2016-11-03
SZSE,2016-11-04
SZSE,2016-11-07
SZSE,2016-11-08
SZSE,2016-11-09
SZSE,2016-11-10
SZSE,2016-11-11
SZSE,2016-11-14
SZSE,2016-11-15
SZSE,2016-11-16
SZSE,2016-11-17
SZSE,2016-11-18
SZSE,2016-11-21
SZSE,2016-11-22
SZSE,2016-11-23
SZSE,2016-11-24
SZSE,2016-11-25
SZSE,2016-11-28
SZSE,2016-11-29
SZSE,2016-11-30
SZSE,2016-12-01
SZSE,2016-12-02
SZSE,2016-12-05
SZSE,2016-12-06
SZSE,2016-12-07
SZSE,2016-12-08
SZSE,2016-12-09
SZSE,2016-12-12
SZSE,2016-12-13
SZSE,2016-12-14
SZSE,2016-12-15
SZSE,2016-12-16
SZSE,2016-12-19
SZSE,2016-12-20
SZSE,2016-12-21
SZSE,2016-12-22
SZSE,2016-12-23
SZSE,2016-12-26
SZSE,2016-12-27
SZSE,2016-12-28
SZSE,2016-12-29
SZSE,2016-12-30
SZSE,2017-01-03
SZSE,2017-01-04
SZSE,2017-01-05
SZSE,2017-01-06
SZSE,2017-01-09
SZSE,2017-01-10
SZSE,2017-01-11
SZSE,2017-01-12
SZSE,2017-01-13
SZSE,2017-01-16
SZSE,2017-01-17
SZSE,2017-01-18
SZSE,2017-01-19
SZSE,2017-01-20
SZSE,2017-01-23
SZSE,2017-01-24
SZSE,2017-01-25
SZSE,2017-01-26
SZSE,2017-02-03
SZSE,2017-02-06
SZSE,2017-02-07
SZSE,2017-02-08
SZSE,2017-02-09
SZSE,2017-02-10
SZSE,2017-02-13
SZSE,2017-02-14
SZSE,2017-02-15
SZSE,2017-02-16
SZSE,2017-02-17
SZSE,2017-02-20
SZSE,2017-02-21
SZSE,2017-02-22
SZSE,2017-02-23
SZSE,2017-02-24
SZSE,2017-02-27
SZSE,2017-02-28
SZSE,2017-03-01
SZSE,2017-03-02
SZSE,2017-03-03
SZSE,2017-03-06
SZSE,2017-03-07
SZSE,2017-03-08
SZSE,2017-03-09
SZSE,2017-03-10
SZSE,2017-03-13
SZSE,2017-03-14
SZSE,2017-03-15
SZSE,2017-03-16
SZSE,2017-03-17
SZSE,2017-03-20
SZSE,2017-03-21
SZSE,2017-03-22
SZSE,2017-03-23
SZSE,2017-03-24
SZSE,2017-03-27
SZSE,2017-03-28
SZSE,2017-03-29
SZSE,2017-03-30
SZSE,2017-03-31
SZSE,2017-04-05
SZSE,2017-04-06
SZSE,2017-04-07
SZSE,2017-04-10
SZSE,2017-04-11
SZSE,2017-04-12
SZSE,2017-04-13
SZSE,2017-04-14
SZSE,2017-04-17
SZSE,2017-04-18
SZSE,2017-04-19
SZSE,2017-04-20
SZSE,2017-04-21
SZSE,2017-04-24
SZSE,2017-04-25
SZSE,2017-04-26
SZSE,2017-04-27
SZSE,2017-04-28
SZSE,2017-05-02
SZSE,2017-05-03
SZSE,2017-05-04
SZSE,2017-05-05
SZSE,2017-05-08
SZSE,2017-05-09
SZSE,2017-05-10
SZSE,2017-05-11
SZSE,2017-05-12
SZSE,2017-05-15
SZSE,2017-05-16
SZSE,2017-05-17
SZSE,2017-05-18
SZSE,2017-05-19
SZSE,2017-05-22
SZSE,2017-05-23
SZSE,2017-05-24
SZSE,2017-05-25
SZSE,2017-05-26
SZSE,2017-05-31
SZSE,2017-06-01
SZSE,2017-06-02
SZSE,2017-06-05
SZSE,2017-06-06
SZSE,2017-06-07
SZSE,2017-06-08
SZSE,2017-06-09
SZSE,2017-06-12
SZSE,2017-06-13
SZSE,2017-06-14
SZSE,2017-06-15
SZSE,2017-06-16
SZSE,2017-06-19
SZSE,2017-06-20
SZSE,2017-06-21
SZSE,2017-06-22
SZSE,2017-06-23
SZSE,2017-06-26
SZSE,2017-06-27
SZSE,2017-06-28
SZSE,2017-06-29
SZSE,2017-06-30
SZSE,2017-07-03
SZSE,2017-07-04
SZSE,2017-07-05
SZSE,2017-07-06
SZSE,2017-07-07
SZSE,2017-07-10
SZSE,2017-07-11
SZSE,2017-07-12
SZSE,2017-07-13
SZSE,2017-07-14
SZSE,2017-07-17
SZSE,2017-07-18
SZSE,2017-07-19
SZSE,2017-07-20
SZSE,2017-07-21
SZSE,2017-07-24
SZSE,2017-07-25
SZSE,2017-07-26
SZSE,2017-07-27
SZSE,2017-07-28
SZSE,2017-07-31
SZSE,2017-08-01
SZSE,2017-08-02
SZSE,2017-08-03
SZSE,2017-08-04
SZSE,2017-08-07
SZSE,2017-08-08
SZSE,2017-08-09
SZSE,2017-08-10
SZSE,2017-08-11
SZSE,2017-08-14
SZSE,2017-08-15
SZSE,2017-08-16
SZSE,2017-08-17
SZSE,2017-08-18
SZSE,2017-08-21
SZSE,2017-08-22
SZSE,2017-08-23
SZSE,2017-08-24
SZSE,2017-08-25
SZSE,2017-08-28
SZSE,2017-08-29
SZSE,2017-08-30
SZSE,2017-08-31
SZSE,2017-09-01
SZSE,2017-09-04
SZSE,2017-09-05
SZSE,2017-09-06
SZSE,2017-09-07
SZSE,2017-09-08
SZSE,2017-09-11
SZSE,2017-09-12
SZSE,2017-09-13
SZSE,2017-09-14
SZSE,2017-09-15
SZSE,2017-09-18
SZSE,2017-09-19
SZSE,2017-09-20
SZSE,2017-09-21
SZSE,2017-09-22
SZSE,2017-09-25
SZSE,2017-09-26
SZSE,2017-09-27
SZSE,2017-09-28
SZSE,2017-09-29
SZSE,2017-10-09
SZSE,2017-10-10
SZSE,2017-10-11
SZSE,2017-10-12
SZSE,2017-10-13
SZSE,2017-10-16
SZSE,2017-10-17
SZSE,2017-10-18
SZSE,2017-10-19
SZSE,2017-10-20
SZSE,2017-10-23
SZSE,2017-10-24
SZSE,2017-10-25
SZSE,2017-10-26
SZSE,2017-10-27
SZSE,2017-10-30
SZSE,2017-10-31
SZSE,2017-11-01
SZSE,2017-11-02
SZSE,2017-11-03
SZSE,2017-11-06
SZSE,2017-11-07
SZSE,2017-11-08
SZSE,2017-11-09
SZSE,2017-11-10
SZSE,2017-11-13
SZSE,2017-11-14
SZSE,2017-11-15
SZSE,2017-11-16
SZSE,2017-11-17
SZSE,2017-11-20
SZSE,2017-11-21
SZSE,2017-11-22
SZSE,2017-11-23
SZSE,2017-11-24
SZSE,2017-11-27
SZSE,2017-11-28
SZSE,2017-11-29
SZSE,2017-11-30
SZSE,2017-12-01
SZSE,2017-12-04
SZSE,2017-12-05
SZSE,2017-12-06
SZSE,2017-12-07
SZSE,2017-12-08
SZSE,2017-12-11
SZSE,2017-12-12
SZSE,2017-12-13
SZSE,2017-12-14
SZSE,2017-12-15
SZSE,2017-12-18
SZSE,2017-12-19
SZSE,2017-12-20
SZSE,2017-12-21
SZSE,2017-12-22
SZSE,2017-12-25
SZSE,2017-12-26
SZSE,2017-12-27
SZSE,2017-12-28
SZSE,2017-12-29
SZSE,2018-01-02
SZSE,2018-01-03
SZSE,2018-01-04
SZSE,2018-01-05
SZSE,2018-01-08
SZSE,2018-01-09
SZSE,2018-01-10
SZSE,2018-01-11
SZSE,2018-01-12
SZSE,2018-01-15
SZSE,2018-01-16
SZSE,2018-01-17
SZSE,2018-01-18
SZSE,2018-01-19
SZSE,2018-01-22
SZSE,2018-01-23
SZSE,2018-01-24
SZSE,2018-01-25
SZSE,2018-01-26
SZSE,2018-01-29
SZSE,2018-01-30
SZSE,2018-01-31
SZSE,2018-02-01
SZSE,2018-02-02
SZSE,2018-02-05
SZSE,2018-02-06
SZSE,2018-02-07
SZSE,2018-02-08
SZSE,2018-02-09
SZSE,2018-02-12
SZSE,2018-02-13
SZSE,2018-02-14
SZSE,2018-02-22
SZSE,2018-02-23
SZSE,2018-02-26
SZSE,2018-02-27
SZSE,2018-02-28
SZSE,2018-03-01
SZSE,2018-03-02
SZSE,2018-03-05
SZSE,2018-03-06
SZSE,2018-03-07
SZSE,2018-03-08
SZSE,2018-03-09
SZSE,2018-03-12
SZSE,2018-03-13
SZSE,2018-03-14
SZSE,2018-03-15
SZSE,2018-03-16
SZSE,2018-03-19
SZSE,2018-03-20
SZSE,2018-03-21
SZSE,2018-03-22
SZSE,2018-03-23
SZSE,2018-03-26
SZSE,2018-03-27
SZSE,2018-03-28
SZSE,2018-03-29
SZSE,2018-03-30
SZSE,2018-04-02
SZSE,2018-04-03
SZSE,2018-04-04
SZSE,2018-04-09
SZSE,2018-04-10
SZSE,2018-04-11
SZSE,2018-04-12
SZSE,2018-04-13
SZSE,2018-04-16
SZSE,2018-04-17
SZSE,2018-04-18
SZSE,2018-04-19
SZSE,2018-04-20
SZSE,2018-04-23
SZSE,2018-04-24
SZSE,2018-04-25
SZSE,2018-04-26
SZSE,2018-04-27
SZSE,2018-05-02
SZSE,2018-05-03
SZSE,2018-05-04
SZSE,2018-05-07
SZSE,2018-05-08
SZSE,2018-05-09
SZSE,2018-05-10
SZSE,2018-05-11
SZSE,2018-05-14
SZSE,2018-05-15
SZSE,2018-05-16
SZSE,2018-05-17
SZSE,2018-05-18
SZSE,2018-05-21
SZSE,2018-05-22
SZSE,2018-05-23
SZSE,2018-05-24
SZSE,2018-05-25
SZSE,2018-05-28
SZSE,2018-05-29
SZSE,2018-05-30
SZSE,2018-05-31
SZSE,2018-06-01
SZSE,2018-06-04
SZSE,2018-06-05
SZSE,2018-06-06
SZSE,2018-06-07
SZSE,2018-06-08
SZSE,2018-06-11
SZSE,2018-06-12
SZSE,2018-06-13
SZSE,2018-06-14
SZSE,2018-06-15
SZSE,2018-06-19
SZSE,2018-06-20
SZSE,2018-06-21
SZSE,2018-06-22
SZSE,2018-06-25
SZSE,2018-06-26
SZSE,2018-06-27
SZSE,2018-06-28
SZSE,2018-06-29
SZSE,2018-07-02
SZSE,2018-07-03
SZSE,2018-07-04
SZSE,2018-07-05
SZSE,2018-07-06
SZSE,2018-07-09
SZSE,2018-07-10
SZSE,2018-07-11
SZSE,2018-07-12
SZSE,2018-07-13
SZSE,2018-07-16
SZSE,2018-07-17
SZSE,2018-07-18
SZSE,2018-07-19
SZSE,2018-07-20
SZSE,2018-07-23
SZSE,2018-07-24
SZSE,2018-07-25
SZSE,2018-07-26
SZSE,2018-07-27
SZSE,2018-07-30
SZSE,2018-07-31
SZSE,2018-08-01
SZSE,2018-08-02
SZSE,2018-08-03
SZSE,2018-08-06
SZSE,2018-08-07
SZSE,2018-08-08
SZSE,2018-08-09
SZSE,2018-08-10
SZSE,2018-08-13
SZSE,2018-08-14
SZSE,2018-08-15
SZSE,2018-08-16
SZSE,2018-08-17
SZSE,2018-08-20
SZSE,2018-08-21
SZSE,2018-08-22
SZSE,2018-08-23
SZSE,2018-08-24
SZSE,2018-08-27
SZSE,2018-08-28
SZSE,2018-08-29
SZSE,2018-08-30
SZSE,2018-08-31
SZSE,2018-09-03
SZSE,2018-09-04
SZSE,2018-09-05
SZSE,2018-09-06
SZSE,2018-09-07
SZSE,2018-09-10
SZSE,2018-09-11
SZSE,2018-09-12
SZSE,2018-09-13
SZSE,2018-09-14
SZSE,2018-09-17
SZSE,2018-09-18
SZSE,2018-09-19
SZSE,2018-09-20
SZSE,2018-09-21
SZSE,2018-09-25
SZSE,2018-09-26
SZSE,2018-09-27
SZSE,2018-09-28
SZSE,2018-10-08
SZSE,2018-10-09
SZSE,2018-10-10
SZSE,2018-10-11
SZSE,2018-10-12
SZSE,2018-10-15
SZSE,2018-10-16
SZSE,2018-10-17
SZSE,2018-10-18
SZSE,2018-10-19
SZSE,2018-10-22
SZSE,2018-10-23
SZSE,2018-10-24
SZSE,2018-10-25
SZSE,2018-10-26
SZSE,2018-10-29
SZSE,2018-10-30
SZSE,2018-10-31
SZSE,2018-11-01
SZSE,2018-11-02
SZSE,2018-11-05
SZSE,2018-11-06
SZSE,2018-11-07
SZSE,2018-11-08
SZSE,2018-11-09
SZSE,2018-11-12
SZSE,2018-11-13
SZSE,2018-11-14
SZSE,2018-11-15
SZSE,2018-11-16
SZSE,2018-11-19
SZSE,2018-11-20
SZSE,2018-11-21
SZSE,2018-11-22
SZSE,2018-11-23
SZSE,2018-11-26
SZSE,2018-11-27
SZSE,2018-11-28
SZSE,2018-11-29
SZSE,2018-11-30
SZSE,2018-12-03
SZSE,2018-12-04
SZSE,2018-12-05
SZSE,2018-12-06
SZSE,2018-12-07
SZSE,2018-12-10
SZSE,2018-12-11
SZSE,2018-12-12
SZSE,2018-12-13
SZSE,2018-12-14
SZSE,2018-12-17
SZSE,2018-12-18
SZSE,2018-12-19
SZSE,2018-12-20
SZSE,2018-12-21
SZSE,2018-12-24
SZSE,2018-12-25
SZSE,2018-12-26
SZSE,2018-12-27
SZSE,2018-12-28
SZSE,2019-01-02
SZSE,2019-01-03
SZSE,2019-01-04
SZSE,2019-01-07
SZSE,2019-01-08
SZSE,2019-01-09
SZSE,2019-01-10
SZSE,2019-01-11
SZSE,2019-01-14
SZSE,2019-01-15
SZSE,2019-01-16
SZSE,2019-01-17
SZSE,2019-01-18
SZSE,2019-01-21
SZSE,2019-01-22
SZSE,2019-01-23
SZSE,2019-01-24
SZSE,2019-01-25
SZSE,2019-01-28
SZSE,2019-01-29
SZSE,2019-01-30
SZSE,2019-01-31
SZSE,2019-02-01
SZSE,2019-02-11
SZSE,2019-02-12
SZSE,2019-02-13
SZSE,2019-02-14
SZSE,2019-02-15
SZSE,2019-02-18
SZSE,2019-02-19
SZSE,2019-02-20
SZSE,2019-02-21
SZSE,2019-02-22
SZSE,2019-02-25
SZSE,2019-02-26
SZSE,2019-02-27
SZSE,2019-02-28
SZSE,2019-03-01
SZSE,2019-03-04
SZSE,2019-03-05
SZSE,2019-03-06
SZSE,2019-03-07
SZSE,2019-03-08
SZSE,2019-03-11
SZSE,2019-03-12
SZSE,2019-03-13
SZSE,2019-03-14
SZSE,2019-03-15
SZSE,2019-03-18
SZSE,2019-03-19
SZSE,2019-03-20
SZSE,2019-03-21
SZSE,2019-03-22
SZSE,2019-03-25
SZSE,2019-03-26
SZSE,2019-03-27
SZSE,2019-03-28
SZSE,2019-03-29
SZSE,2019-04-01
SZSE,2019-04-02
SZSE,2019-04-03
SZSE,2019-04-04
SZSE,2019-04-08
SZSE,2019-04-09
SZSE,2019-04-10
SZSE,2019-04-11
SZSE,2019-04-12
SZSE,2019-04-15
SZSE,2019-04-16
SZSE,2019-04-17
SZSE,2019-04-18
SZSE,2019-04-19
SZSE,2019-04-22
SZSE,2019-04-23
SZSE,2019-04-24
SZSE,2019-04-25
SZSE,2019-04-26
SZSE,2019-04-29
SZSE,2019-04-30
SZSE,2019-05-06
SZSE,2019-05-07
SZSE,2019-05-08
SZSE,2019-05-09
SZSE,2019-05-10
SZSE,2019-05-13
SZSE,2019-05-14
SZSE,2019-05-15
SZSE,2019-05-16
SZSE,2019-05-17
SZSE,2019-05-20
SZSE,2019-05-21
SZSE,2019-05-22
SZSE,2019-05-23
SZSE,2019-05-24
SZSE,2019-05-27
SZSE,2019-05-28
SZSE,2019-05-29
SZSE,2019-05-30
SZSE,2019-05-31
SZSE,2019-06-03
SZSE,2019-06-04
SZSE,2019-06-05
SZSE,2019-06-06
SZSE,2019-06-10
SZSE,2019-06-11
SZSE,2019-06-12
SZSE,2019-06-13
SZSE,2019-06-14
SZSE,2019-06-17
SZSE,2019-06-18
SZSE,2019-06-19
SZSE,2019-06-20
SZSE,2019-06-21
SZSE,2019-06-24
SZSE,2019-06-25
SZSE,2019-06-26
SZSE,2019-06-27
SZSE,2019-06-28
SZSE,2019-07-01
SZSE,2019-07-02
SZSE,2019-07-03
SZSE,2019-07-04
SZSE,2019-07-05
SZSE,2019-07-08
SZSE,2019-07-09
SZSE,2019-07-10
SZSE,2019-07-11
SZSE,2019-07-12
SZSE,2019-07-15
SZSE,2019-07-16
SZSE,2019-07-17
SZSE,2019-07-18
SZSE,2019-07-19
SZSE,2019-07-22
SZSE,2019-07-23
SZSE,2019-07-24
SZSE,2019-07-25
SZSE,2019-07-26
SZSE,2019-07-29
SZSE,2019-07-30
SZSE,2019-07-31
SZSE,2019-08-01
SZSE,2019-08-02
SZSE,2019-08-05
SZSE,2019-08-06
SZSE,2019-08-07
SZSE,2019-08-08
SZSE,2019-08-09
SZSE,2019-08-12
SZSE,2019-08-13
SZSE,2019-08-14
SZSE,2019-08-15
SZSE,2019-08-16
SZSE,2019-08-19
SZSE,2019-08-20
SZSE,2019-08-21
SZSE,2019-08-22
SZSE,2019-08-23
SZSE,2019-08-26
SZSE,2019-08-27
SZSE,2019-08-28
SZSE,2019-08-29
SZSE,2019-08-30
SZSE,2019-09-02
SZSE,2019-09-03
SZSE,2019-09-04
SZSE,2019-09-05
SZSE,2019-09-06
SZSE,2019-09-09
SZSE,2019-09-10
SZSE,2019-09-11
SZSE,2019-09-12
SZSE,2019-09-16
SZSE,2019-09-17
SZSE,2019-09-18
SZSE,2019-09-19
SZSE,2019-09-20
SZSE,2019-09-23
SZSE,2019-09-24
SZSE,2019-09-25
SZSE,2019-09-26
SZSE,2019-09-27
SZSE,2019-09-30
SZSE,2019-10-08
SZSE,2019-10-09
SZSE,2019-10-10
SZSE,2019-10-11
SZSE,2019-10-14
SZSE,2019-10-15
SZSE,2019-10-16
SZSE,2019-10-17
SZSE,2019-10-18
SZSE,2019-10-21
SZSE,2019-10-22
SZSE,2019-10-23
SZSE,2019-10-24
SZSE,2019-10-25
SZSE,2019-10-28
SZSE,2019-10-29
SZSE,2019-10-30
SZSE,2019-10-31
SZSE,2019-11-01
SZSE,2019-11-04
SZSE,2019-11-05
SZSE,2019-11-06
SZSE,2019-11-07
SZSE,2019-11-08
SZSE,2019-11-11
SZSE,2019-11-12
SZSE,2019-11-13
SZSE,2019-11-14
SZSE,2019-11-15
SZSE,2019-11-18
SZSE,2019-11-19
SZSE,2019-11-20
SZSE,2019-11-21
SZSE,2019-11-22
SZSE,2019-11-25
SZSE,2019-11-26
SZSE,2019-11-27
SZSE,2019-11-28
SZSE,2019-11-29
SZSE,2019-12-02
SZSE,2019-12-03
SZSE,2019-12-04
SZSE,2019-12-05
SZSE,2019-12-06
SZSE,2019-12-09
SZSE,2019-12-10
SZSE,2019-12-11
SZSE,2019-12-12
SZSE,2019-12-13
SZSE,2019-12-16
SZSE,2019-12-17
SZSE,2019-12-18
SZSE,2019-12-19
SZSE,2019-12-20
SZSE,2019-12-23
SZSE,2019-12-24
SZSE,2019-12-25
SZSE,2019-12-26
SZSE,2019-12-27
SZSE,2019-12-30
SZSE,2019-12-31
SZSE,2020-01-02
SZSE,2020-01-03
SZSE,2020-01-06
SZSE,2020-01-07
SZSE,2020-01-08
SZSE,2020-01-09
SZSE,2020-01-10
SZSE,2020-01-13
SZSE,2020-01-14
SZSE,2020-01-15
SZSE,2020-01-16
SZSE,2020-01-17
SZSE,2020-01-20
SZSE,2020-01-21
SZSE,2020-01-22
SZSE,2020-01-23
SZSE,2020-02-03
SZSE,2020-02-04
SZSE,2020-02-05
SZSE,2020-02-06
SZSE,2020-02-07
SZSE,2020-02-10
SZSE,2020-02-11
SZSE,2020-02-12
SZSE,2020-02-13
SZSE,2020-02-14
SZSE,2020-02-17
SZSE,2020-02-18
SZSE,2020-02-19
SZSE,2020-02-20
SZSE,2020-02-21
SZSE,2020-02-24
SZSE,2020-02-25
SZSE,2020-02-26
SZSE,2020-02-27
SZSE,2020-02-28
SZSE,2020-03-02
SZSE,2020-03-03
SZSE,2020-03-04
SZSE,2020-03-05
SZSE,2020-03-06
SZSE,2020-03-09
SZSE,2020-03-10
SZSE,2020-03-11
SZSE,2020-03-12
SZSE,2020-03-13
SZSE,2020-03-16
SZSE,2020-03-17
SZSE,2020-03-18
SZSE,2020-03-19
SZSE,2020-03-20
SZSE,2020-03-23
SZSE,2020-03-24
SZSE,2020-03-25
SZSE,2020-03-26
SZSE,2020-03-27
SZSE,2020-03-30
SZSE,2020-03-31
SZSE,2020-04-01
SZSE,2020-04-02
SZSE,2020-04-03
SZSE,2020-04-07
SZSE,2020-04-08
SZSE,2020-04-09
SZSE,2020-04-10
SZSE,2020-04-13
SZSE,2020-04-14
SZSE,2020-04-15
SZSE,2020-04-16
SZSE,2020-04-17
SZSE,2020-04-20
SZSE,2020-04-21
SZSE,2020-04-22
SZSE,2020-04-23
SZSE,2020-04-24
SZSE,2020-04-27
SZSE,2020-04-28
SZSE,2020-04-29
SZSE,2020-04-30
SZSE,2020-05-06
SZSE,2020-05-07
SZSE,2020-05-08
SZSE,2020-05-11
SZSE,2020-05-12
SZSE,2020-05-13
SZSE,2020-05-14
SZSE,2020-05-15
SZSE,2020-05-18
SZSE,2020-05-19
SZSE,2020-05-20
SZSE,2020-05-21
SZSE,2020-05-22
SZSE,2020-05-25
SZSE,2020-05-26
SZSE,2020-05-27
SZSE,2020-05-28
SZSE,2020-05-29
SZSE,2020-06-01
SZSE,2020-06-02
SZSE,2020-06-03
SZSE,2020-06-04
SZSE,2020-06-05
SZSE,2020-06-08
SZSE,2020-06-09
SZSE,2020-06-10
SZSE,2020-06-11
SZSE,2020-06-12
SZSE,2020-06-15
SZSE,2020-06-16
SZSE,2020-06-17
SZSE,2020-06-18
SZSE,2020-06-19
SZSE,2020-06-22
SZSE,2020-06-23
SZSE,2020-06-24
SZSE,2020-06-29
SZSE,2020-06-30
SZSE,2020-07-01
SZSE,2020-07-02
SZSE,2020-07-03
SZSE,2020-07-06
SZSE,2020-07-07
SZSE,2020-07-08
SZSE,2020-07-09
SZSE,2020-07-10
SZSE,2020-07-13
SZSE,2020-07-14
SZSE,2020-07-15
SZSE,2020-07-16
SZSE,2020-07-17
SZSE,2020-07-20
SZSE,2020-07-21
SZSE,2020-07-22
SZSE,2020-07-23
SZSE,2020-07-24
SZSE,2020-07-27
SZSE,2020-07-28
SZSE,2020-07-29
SZSE,2020-07-30
SZSE,2020-07-31
SZSE,2020-08-03
SZSE,2020-08-04
SZSE,2020-08-05
SZSE,2020-08-06
SZSE,2020-08-07
SZSE,2020-08-10
SZSE,2020-08-11
SZSE,2020-08-12
SZSE,2020-08-13
SZSE,2020-08-14
SZSE,2020-08-17
SZSE,2020-08-18
SZSE,2020-08-19
SZSE,2020-08-20
SZSE,2020-08-21
SZSE,2020-08-24
SZSE,2020-08-25
SZSE,2020-08-26
SZSE,2020-08-27
SZSE,2020-08-28
SZSE,2020-08-31
SZSE,2020-09-01
SZSE,2020-09-02
SZSE,2020-09-03
SZSE,2020-09-04
SZSE,2020-09-07
SZSE,2020-09-08
SZSE,2020-09-09
SZSE,2020-09-10
SZSE,2020-09-11
SZSE,2020-09-14
SZSE,2020-09-15
SZSE,2020-09-16
SZSE,2020-09-17
SZSE,2020-09-18
SZSE,2020-09-21
SZSE,2020-09-22
SZSE,2020-09-23
SZSE,2020-09-24
SZSE,2020-09-25
SZSE,2020-09-28
SZSE,2020-09-29
SZSE,2020-09-30
SZSE,2020-10-09
SZSE,2020-10-12
SZSE,2020-10-13
SZSE,2020-10-14
SZSE,2020-10-15
SZSE,2020-10-16
SZSE,2020-10-19
SZSE,2020-10-20
SZSE,2020-10-21
SZSE,2020-10-22
SZSE,2020-10-23
SZSE,2020-10-26
SZSE,2020-10-27
SZSE,2020-10-28
SZSE,2020-10-29
SZSE,2020-10-30
SZSE,2020-11-02
SZSE,2020-11-03
SZSE,2020-11-04
SZSE,2020-11-05
SZSE,2020-11-06
SZSE,2020-11-09
SZSE,2020-11-10
SZSE,2020-11-11
SZSE,2020-11-12
SZSE,2020-11-13
SZSE,2020-11-16
SZSE,2020-11-17
SZSE,2020-11-18
SZSE,2020-11-19
SZSE,2020-11-20
SZSE,2020-11-23
SZSE,2020-11-24
SZSE,2020-11-25
SZSE,2020-11-26
SZSE,2020-11-27
SZSE,2020-11-30
SZSE,2020-12-01
SZSE,2020-12-02
SZSE,2020-12-03
SZSE,2020-12-04
SZSE,2020-12-07
SZSE,2020-12-08
SZSE,2020-12-09
SZSE,2020-12-10
SZSE,2020-12-11
SZSE,2020-12-14
SZSE,2020-12-15
SZSE,2020-12-16
SZSE,2020-12-17
SZSE,2020-12-18
SZSE,2020-12-21
SZSE,2020-12-22
SZSE,2020-12-23
SZSE,2020-12-24
SZSE,2020-12-25
SZSE,2020-12-28
SZSE,2020-12-29
SZSE,2020-12-30
SZSE,2020-12-31
SZSE,2021-01-04
SZSE,2021-01-05
SZSE,2021-01-06
SZSE,2021-01-07
SZSE,2021-01-08
SZSE,2021-01-11
SZSE,2021-01-12
SZSE,2021-01-13
SZSE,2021-01-14
SZSE,2021-01-15
SZSE,2021-01-18
SZSE,2021-01-19
SZSE,2021-01-20
SZSE,2021-01-21
SZSE,2021-01-22
SZSE,2021-01-25
SZSE,2021-01-26
SZSE,2021-01-27
SZSE,2021-01-28
SZSE,2021-01-29
SZSE,2021-02-01
SZSE,2021-02-02
SZSE,2021-02-03
SZSE,2021-02-04
SZSE,2021-02-05
SZSE,2021-02-08
SZSE,2021-02-09
SZSE,2021-02-10
SZSE,2021-02-18
SZSE,2021-02-19
SZSE,2021-02-22
SZSE,2021-02-23
SZSE,2021-02-24
SZSE,2021-02-25
SZSE,2021-02-26
SZSE,2021-03-01
SZSE,2021-03-02
SZSE,2021-03-03
SZSE,2021-03-04
SZSE,2021-03-05
SZSE,2021-03-08
SZSE,2021-03-09
SZSE,2021-03-10
SZSE,2021-03-11
SZSE,2021-03-12
SZSE,2021-03-15
SZSE,2021-03-16
SZSE,2021-03-17
SZSE,2021-03-18
SZSE,2021-03-19
SZSE,2021-03-22
SZSE,2021-03-23
SZSE,2021-03-24
SZSE,2021-03-25
SZSE,2021-03-26
SZSE,2021-03-29
SZSE,2021-03-30
SZSE,2021-03-31
SZSE,2021-04-01
SZSE,2021-04-02
SZSE,2021-04-06
SZSE,2021-04-07
SZSE,2021-04-08
SZSE,2021-04-09
SZSE,2021-04-12
SZSE,2021-04-13
SZSE,2021-04-14
SZSE,2021-04-15
SZSE,2021-04-16
SZSE,2021-04-19
SZSE,2021-04-20
SZSE,2021-04-21
SZSE,2021-04-22
SZSE,2021-04-23
SZSE,2021-04-26
SZSE,2021-04-27
SZSE,2021-04-28
SZSE,2021-04-29
SZSE,2021-04-30
SZSE,2021-05-06
SZSE,2021-05-07
SZSE,2021-05-10
SZSE,2021-05-11
SZSE,2021-05-12
SZSE,2021-05-13
SZSE,2021-05-14
SZSE,2021-05-17
SZSE,2021-05-18
SZSE,2021-05-19
SZSE,2021-05-20
SZSE,2021-05-21
SZSE,2021-05-24
SZSE,2021-05-25
SZSE,2021-05-26
SZSE,2021-05-27
SZSE,2021-05-28
SZSE,2021-05-31
SZSE,2021-06-01
SZSE,2021-06-02
SZSE,2021-06-03
SZSE,2021-06-04
SZSE,2021-06-07
SZSE,2021-06-08
SZSE,2021-06-09
SZSE,2021-06-10
SZSE,2021-06-11
SZSE,2021-06-15
SZSE,2021-06-16
SZSE,2021-06-17
SZSE,2021-06-18
SZSE,2021-06-21
SZSE,2021-06-22
SZSE,2021-06-23
SZSE,2021-06-24
SZSE,2021-06-25
SZSE,2021-06-28
SZSE,2021-06-29
SZSE,2021-06-30
SZSE,2021-07-01
SZSE,2021-07-02
SZSE,2021-07-05
SZSE,2021-07-06
SZSE,2021-07-07
SZSE,2021-07-08
SZSE,2021-07-09
SZSE,2021-07-12
SZSE,2021-07-13
SZSE,2021-07-14
SZSE,2021-07-15
SZSE,2021-07-16
SZSE,2021-07-19
SZSE,2021-07-20
SZSE,2021-07-21
SZSE,2021-07-22
SZSE,2021-07-23
SZSE,2021-07-26
SZSE,2021-07-27
SZSE,2021-07-28
SZSE,2021-07-29
SZSE,2021-07-30
SZSE,2021-08-02
SZSE,2021-08-03
SZSE,2021-08-04
SZSE,2021-08-05
SZSE,2021-08-06
SZSE,2021-08-09
SZSE,2021-08-10
SZSE,2021-08-11
SZSE,2021-08-12
SZSE,2021-08-13
SZSE,2021-08-16
SZSE,2021-08-17
SZSE,2021-08-18
SZSE,2021-08-19
SZSE,2021-08-20
SZSE,2021-08-23
SZSE,2021-08-24
SZSE,2021-08-25
SZSE,2021-08-26
SZSE,2021-08-27
SZSE,2021-08-30
SZSE,2021-08-31
SZSE,2021-09-01
SZSE,2021-09-02
SZSE,2021-09-03
SZSE,2021-09-06
SZSE,2021-09-07
SZSE,2021-09-08
SZSE,2021-09-09
SZSE,2021-09-10
SZSE,2021-09-13
SZSE,2021-09-14
SZSE,2021-09-15
SZSE,2021-09-16
SZSE,2021-09-17
SZSE,2021-09-22
SZSE,2021-09-23
SZSE,2021-09-24
SZSE,2021-09-27
SZSE,2021-09-28
SZSE,2021-09-29
SZSE,2021-09-30
SZSE,2021-10-08
SZSE,2021-10-11
SZSE,2021-10-12
SZSE,2021-10-13
SZSE,2021-10-14
SZSE,2021-10-15
SZSE,2021-10-18
SZSE,2021-10-19
SZSE,2021-10-20
SZSE,2021-10-21
SZSE,2021-10-22
SZSE,2021-10-25
SZSE,2021-10-26
SZSE,2021-10-27
SZSE,2021-10-28
SZSE,2021-10-29
SZSE,2021-11-01
SZSE,2021-11-02
SZSE,2021-11-03
SZSE,2021-11-04
SZSE,2021-11-05
SZSE,2021-11-08
SZSE,2021-11-09
SZSE,2021-11-10
SZSE,2021-11-11
SZSE,2021-11-12
SZSE,2021-11-15
SZSE,2021-11-16
SZSE,2021-11-17
SZSE,2021-11-18
SZSE,2021-11-19
SZSE,2021-11-22
SZSE,2021-11-23
SZSE,2021-11-24
SZSE,2021-11-25
SZSE,2021-11-26
SZSE,2021-11-29
SZSE,2021-11-30
SZSE,2021-12-01
SZSE,2021-12-02
SZSE,2021-12-03
SZSE,2021-12-06
SZSE,2021-12-07
SZSE,2021-12-08
SZSE,2021-12-09
SZSE,2021-12-10
SZSE,2021-12-13
SZSE,2021-12-14
SZSE,2021-12-15
SZSE,2021-12-16
SZSE,2021-12-17
SZSE,2021-12-20
SZSE,2021-12-21
SZSE,2021-12-22
SZSE,2021-12-23
SZSE,2021-12-24
SZSE,2021-12-27
SZSE,2021-12-28
SZSE,2021-12-29
SZSE,2021-12-30
SZSE,2021-12-31
SZSE,2022-01-04
SZSE,2022-01-05
SZSE,2022-01-06
SZSE,2022-01-07
SZSE,2022-01-10
SZSE,2022-01-11
SZSE,2022-01-12
SZSE,2022-01-13
SZSE,2022-01-14
SZSE,2022-01-17
SZSE,2022-01-18
SZSE,2022-01-19
SZSE,2022-01-20
SZSE,2022-01-21
SZSE,2022-01-24
SZSE,2022-01-25
SZSE,2022-01-26
SZSE,2022-01-27
SZSE,2022-01-28
SZSE,2022-02-07
SZSE,2022-02-08
SZSE,2022-02-09
SZSE,2022-02-10
SZSE,2022-02-11
SZSE,2022-02-14
SZSE,2022-02-15
SZSE,2022-02-16
SZSE,2022-02-17
SZSE,2022-02-18
SZSE,2022-02-21
SZSE,2022-02-22
SZSE,2022-02-23
SZSE,2022-02-24
SZSE,2022-02-25
SZSE,2022-02-28
SZSE,2022-03-01
SZSE,2022-03-02
SZSE,2022-03-03
SZSE,2022-03-04
SZSE,2022-03-07
SZSE,2022-03-08
SZSE,2022-03-09
SZSE,2022-03-10
SZSE,2022-03-11
SZSE,2022-03-14
SZSE,2022-03-15
SZSE,2022-03-16
SZSE,2022-03-17
SZSE,2022-03-18
SZSE,2022-03-21
SZSE,2022-03-22
SZSE,2022-03-23
SZSE,2022-03-24
SZSE,2022-03-25
SZSE,2022-03-28
SZSE,2022-03-29
SZSE,2022-03-30
SZSE,2022-03-31
SZSE,2022-04-01
SZSE,2022-04-06
SZSE,2022-04-07
SZSE,2022-04-08
SZSE,2022-04-11
SZSE,2022-04-12
SZSE,2022-04-13
SZSE,2022-04-14
SZSE,2022-04-15
SZSE,2022-04-18
SZSE,2022-04-19
SZSE,2022-04-20
SZSE,2022-04-21
SZSE,2022-04-22
SZSE,2022-04-25
SZSE,2022-04-26
SZSE,2022-04-27
SZSE,2022-04-28
SZSE,2022-04-29
SZSE,2022-05-05
SZSE,2022-05-06
SZSE,2022-05-09
SZSE,2022-05-10
SZSE,2022-05-11
SZSE,2022-05-12
SZSE,2022-05-13
SZSE,2022-05-16
SZSE,2022-05-17
SZSE,2022-05-18
SZSE,2022-05-19
SZSE,2022-05-20
SZSE,2022-05-23
SZSE,2022-05-24
SZSE,2022-05-25
SZSE,2022-05-26
SZSE,2022-05-27
SZSE,2022-05-30
SZSE,2022-05-31
SZSE,2022-06-01
SZSE,2022-06-02
SZSE,2022-06-06
SZSE,2022-06-07
SZSE,2022-06-08
SZSE,2022-06-09
SZSE,2022-06-10
SZSE,2022-06-13
SZSE,2022-06-14
SZSE,2022-06-15
SZSE,2022-06-16
SZSE,2022-06-17
SZSE,2022-06-20
SZSE,2022-06-21
SZSE,2022-06-22
SZSE,2022-06-23
SZSE,2022-06-24
SZSE,2022-06-27
SZSE,2022-06-28
SZSE,2022-06-29
SZSE,2022-06-30
SZSE,2022-07-01
SZSE,2022-07-04
SZSE,2022-07-05
SZSE,2022-07-06
SZSE,2022-07-07
SZSE,2022-07-08
SZSE,2022-07-11
SZSE,2022-07-12
SZSE,2022-07-13
SZSE,2022-07-14
SZSE,2022-07-15
SZSE,2022-07-18
SZSE,2022-07-19
SZSE,2022-07-20
SZSE,2022-07-21
SZSE,2022-07-22
SZSE,2022-07-25
SZSE,2022-07-26
SZSE,2022-07-27
SZSE,2022-07-28
SZSE,2022-07-29
SZSE,2022-08-01
SZSE,2022-08-02
SZSE,2022-08-03
SZSE,2022-08-04
SZSE,2022-08-05
SZSE,2022-08-08
SZSE,2022-08-09
SZSE,2022-08-10
SZSE,2022-08-11
SZSE,2022-08-12
SZSE,2022-08-15
SZSE,2022-08-16
SZSE,2022-08-17
SZSE,2022-08-18
SZSE,2022-08-19
SZSE,2022-08-22
SZSE,2022-08-23
SZSE,2022-08-24
SZSE,2022-08-25
SZSE,2022-08-26
SZSE,2022-08-29
SZSE,2022-08-30
SZSE,2022-08-31
SZSE,2022-09-01
SZSE,2022-09-02
SZSE,2022-09-05
SZSE,2022-09-06
SZSE,2022-09-07
SZSE,2022-09-08
SZSE,2022-09-09
SZSE,2022-09-13
SZSE,2022-09-14
SZSE,2022-09-15
SZSE,2022-09-16
SZSE,2022-09-19
SZSE,2022-09-20
SZSE,2022-09-21
SZSE,2022-09-22
SZSE,2022-09-23
SZSE,2022-09-26
SZSE,2022-09-27
SZSE,2022-09-28
SZSE,2022-09-29
SZSE,2022-09-30
SZSE,2022-10-10
SZSE,2022-10-11
SZSE,2022-10-12
SZSE,2022-10-13
SZSE,2022-10-14
SZSE,2022-10-17
SZSE,2022-10-18
SZSE,2022-10-19
SZSE,2022-10-20
SZSE,2022-10-21
SZSE,2022-10-24
SZSE,2022-10-25
SZSE,2022-10-26
SZSE,2022-10-27
SZSE,2022-10-28
SZSE,2022-10-31
SZSE,2022-11-01
SZSE,2022-11-02
SZSE,2022-11-03
SZSE,2022-11-04
SZSE,2022-11-07
SZSE,2022-11-08
SZSE,2022-11-09
SZSE,2022-11-10
SZSE,2022-11-11
SZSE,2022-11-14
SZSE,2022-11-15
SZSE,2022-11-16
SZSE,2022-11-17
SZSE,2022-11-18
SZSE,2022-11-21
SZSE,2022-11-22
SZSE,2022-11-23
SZSE,2022-11-24
SZSE,2022-11-25
SZSE,2022-11-28
SZSE,2022-11-29
SZSE,2022-11-30
SZSE,2022-12-01
SZSE,2022-12-02
SZSE,2022-12-05
SZSE,2022-12-06
SZSE,2022-12-07
SZSE,2022-12-08
SZSE,2022-12-09
SZSE,2022-12-12
SZSE,2022-12-13
SZSE,2022-12-14
SZSE,2022-12-15
SZSE,2022-12-16
SZSE,2022-12-19
SZSE,2022-12-20
SZSE,2022-12-21
SZSE,2022-12-22
SZSE,2022-12-23
SZSE,2022-12-26
SZSE,2022-12-27
SZSE,2022-12-28
SZSE,2022-12-29
SZSE,2022-12-30
SZSE,2023-01-03
SZSE,2023-01-04
SZSE,2023-01-05
SZSE,2023-01-06
SZSE,2023-01-09
SZSE,2023-01-10
SZSE,2023-01-11
SZSE,2023-01-12
SZSE,2023-01-13
SZSE,2023-01-16
SZSE,2023-01-17
SZSE,2023-01-18
SZSE,2023-01-19
SZSE,2023-01-20
SZSE,2023-01-30
SZSE,2023-01-31
SZSE,2023-02-01
SZSE,2023-02-02
SZSE,2023-02-03
SZSE,2023-02-06
SZSE,2023-02-07
SZSE,2023-02-08
SZSE,2023-02-09
SZSE,2023-02-10
SZSE,2023-02-13
SZSE,2023-02-14
SZSE,2023-02-15
SZSE,2023-02-16
SZSE,2023-02-17
SZSE,2023-02-20
SZSE,2023-02-21
SZSE,2023-02-22
SZSE,2023-02-23
SZSE,2023-02-24
SZSE,2023-02-27
SZSE,2023-02-28
SZSE,2023-03-01
SZSE,2023-03-02
SZSE,2023-03-03
SZSE,2023-03-06
SZSE,2023-03-07
SZSE,2023-03-08
SZSE,2023-03-09
SZSE,2023-03-10
SZSE,2023-03-13
SZSE,2023-03-14
SZSE,2023-03-15
SZSE,2023-03-16
SZSE,2023-03-17
SZSE,2023-03-20
SZSE,2023-03-21
SZSE,2023-03-22
SZSE,2023-03-23
SZSE,2023-03-24
SZSE,2023-03-27
SZSE,2023-03-28
SZSE,2023-03-29
SZSE,2023-03-30
SZSE,2023-03-31
SZSE,2023-04-03
SZSE,2023-04-04
SZSE,2023-04-06
SZSE,2023-04-07
SZSE,2023-04-10
SZSE,2023-04-11
SZSE,2023-04-12
SZSE,2023-04-13
SZSE,2023-04-14
SZSE,2023-04-17
SZSE,2023-04-18
SZSE,2023-04-19
SZSE,2023-04-20
SZSE,2023-04-21
SZSE,2023-04-24
SZSE,2023-04-25
SZSE,2023-04-26
SZSE,2023-04-27
SZSE,2023-04-28
SZSE,2023-05-04
SZSE,2023-05-05
SZSE,2023-05-08
SZSE,2023-05-09
SZSE,2023-05-10
SZSE,2023-05-11
SZSE,2023-05-12
SZSE,2023-05-15
SZSE,2023-05-16
SZSE,2023-05-17
SZSE,2023-05-18
SZSE,2023-05-19
SZSE,2023-05-22
SZSE,2023-05-23
SZSE,2023-05-24
SZSE,2023-05-25
SZSE,2023-05-26
SZSE,2023-05-29
SZSE,2023-05-30
SZSE,2023-05-31
SZSE,2023-06-01
SZSE,2023-06-02
SZSE,2023-06-05
SZSE,2023-06-06
SZSE,2023-06-07
SZSE,2023-06-08
SZSE,2023-06-09
SZSE,2023-06-12
SZSE,2023-06-13
SZSE,2023-06-14
SZSE,2023-06-15
SZSE,2023-06-16
SZSE,2023-06-19
SZSE,2023-06-20
SZSE,2023-06-21
SZSE,2023-06-26
SZSE,2023-06-27
SZSE,2023-06-28
SZSE,2023-06-29
SZSE,2023-06-30
SZSE,2023-07-03
SZSE,2023-07-04
SZSE,2023-07-05
SZSE,2023-07-06
SZSE,2023-07-07
SZSE,2023-07-10
SZSE,2023-07-11
SZSE,2023-07-12
SZSE,2023-07-13
SZSE,2023-07-14
SZSE,2023-07-17
SZSE,2023-07-18
SZSE,2023-07-19
SZSE,2023-07-20
SZSE,2023-07-21
SZSE,2023-07-24
SZSE,2023-07-25
SZSE,2023-07-26
SZSE,2023-07-27
SZSE,2023-07-28
SZSE,2023-07-31
SZSE,2023-08-01
SZSE,2023-08-02
SZSE,2023-08-03
SZSE,2023-08-04
SZSE,2023-08-07
SZSE,2023-08-08
SZSE,2023-08-09
SZSE,2023-08-10
SZSE,2023-08-11
SZSE,2023-08-14
SZSE,2023-08-15
SZSE,2023-08-16
SZSE,2023-08-17
SZSE,2023-08-18
SZSE,2023-08-21
SZSE,2023-08-22
SZSE,2023-08-23
SZSE,2023-08-24
SZSE,2023-08-25
SZSE,2023-08-28
SZSE,2023-08-29
SZSE,2023-08-30
SZSE,2023-08-31
SZSE,2023-09-01
SZSE,2023-09-04
SZSE,2023-09-05
SZSE,2023-09-06
SZSE,2023-09-07
SZSE,2023-09-08
SZSE,2023-09-11
SZSE,2023-09-12
SZSE,2023-09-13
SZSE,2023-09-14
SZSE,2023-09-15
SZSE,2023-09-18
SZSE,2023-09-19
SZSE,2023-09-20
SZSE,2023-09-21
SZSE,2023-09-22
SZSE,2023-09-25
SZSE,2023-09-26
SZSE,2023-09-27
SZSE,2023-09-28
SZSE,2023-10-09
SZSE,2023-10-10
SZSE,2023-10-11
SZSE,2023-10-12
SZSE,2023-10-13
SZSE,2023-10-16
SZSE,2023-10-17
SZSE,2023-10-18
SZSE,2023-10-19
SZSE,2023-10-20
SZSE,2023-10-23
SZSE,2023-10-24
SZSE,2023-10-25
SZSE,2023-10-26
SZSE,2023-10-27
SZSE,2023-10-30
SZSE,2023-10-31
SZSE,2023-11-01
SZSE,2023-11-02
SZSE,2023-11-03
SZSE,2023-11-06
SZSE,2023-11-07
SZSE,2023-11-08
SZSE,2023-11-09
SZSE,2023-11-10
SZSE,2023-11-13
SZSE,2023-11-14
SZSE,2023-11-15
SZSE,2023-11-16
SZSE,2023-11-17
SZSE,2023-11-20
SZSE,2023-11-21
SZSE,2023-11-22
SZSE,2023-11-23
SZSE,2023-11-24
SZSE,2023-11-27
SZSE,2023-11-28
SZSE,2023-11-29
SZSE,2023-11-30
SZSE,2023-12-01
SZSE,2023-12-04
SZSE,2023-12-05
SZSE,2023-12-06
SZSE,2023-12-07
SZSE,2023-12-08
SZSE,2023-12-11
SZSE,2023-12-12
SZSE,2023-12-13
SZSE,2023-12-14
SZSE,2023-12-15
SZSE,2023-12-18
SZSE,2023-12-19
SZSE,2023-12-20
SZSE,2023-12-21
SZSE,2023-12-22
SZSE,2023-12-25
SZSE,2023-12-26
SZSE,2023-12-27
SZSE,2023-12-28
SZSE,2023-12-29
SZSE,2024-01-02
SZSE,2024-01-03
SZSE,2024-01-04
SZSE,2024-01-05
SZSE,2024-01-08
SZSE,2024-01-09
SZSE,2024-01-10
SZSE,2024-01-11
SZSE,2024-01-12
SZSE,2024-01-15
SZSE,2024-01-16
SZSE,2024-01-17
SZSE,2024-01-18
SZSE,2024-01-19
SZSE,2024-01-22
SZSE,2024-01-23
SZSE,2024-01-24
SZSE,2024-01-25
SZSE,2024-01-26
SZSE,2024-01-29
SZSE,2024-01-30
SZSE,2024-01-31
SZSE,2024-02-01
SZSE,2024-02-02
SZSE,2024-02-05
SZSE,2024-02-06
SZSE,2024-02-07
SZSE,2024-02-08
SZSE,2024-02-19
SZSE,2024-02-20
SZSE,2024-02-21
SZSE,2024-02-22
SZSE,2024-02-23
SZSE,2024-02-26
SZSE,2024-02-27
SZSE,2024-02-28
SZSE,2024-02-29
SZSE,2024-03-01
SZSE,2024-03-04
SZSE,2024-03-05
SZSE,2024-03-06
SZSE,2024-03-07
SZSE,2024-03-08
SZSE,2024-03-11
SZSE,2024-03-12
SZSE,2024-03-13
SZSE,2024-03-14
SZSE,2024-03-15
SZSE,2024-03-18
SZSE,2024-03-19
SZSE,2024-03-20
SZSE,2024-03-21
SZSE,2024-03-22
SZSE,2024-03-25
SZSE,2024-03-26
SZSE,2024-03-27
SZSE,2024-03-28
SZSE,2024-03-29
SZSE,2024-04-01
SZSE,2024-04-02
SZSE,2024-04-03
SZSE,2024-04-08
SZSE,2024-04-09
SZSE,2024-04-10
SZSE,2024-04-11
SZSE,2024-04-12
SZSE,2024-04-15
SZSE,2024-04-16
SZSE,2024-04-17
SZSE,2024-04-18
SZSE,2024-04-19
SZSE,2024-04-22
SZSE,2024-04-23
SZSE,2024-04-24
SZSE,2024-04-25
SZSE,2024-04-26
SZSE,2024-04-29
SZSE,2024-04-30
SZSE,2024-05-06
SZSE,2024-05-07
SZSE,2024-05-08
SZSE,2024-05-09
SZSE,2024-05-10
SZSE,2024-05-13
SZSE,2024-05-14
SZSE,2024-05-15
SZSE,2024-05-16
SZSE,2024-05-17
SZSE,2024-05-20
SZSE,2024-05-21
SZSE,2024-05-22
SZSE,2024-05-23
SZSE,2024-05-24
SZSE,2024-05-27
SZSE,2024-05-28
SZSE,2024-05-29
SZSE,2024-05-30
SZSE,2024-05-31
SZSE,2024-06-03
SZSE,2024-06-04
SZSE,2024-06-05
SZSE,2024-06-06
SZSE,2024-06-07
SZSE,2024-06-11
SZSE,2024-06-12
SZSE,2024-06-13
SZSE,2024-06-14
SZSE,2024-06-17
SZSE,2024-06-18
SZSE,2024-06-19
SZSE,2024-06-20
SZSE,2024-06-21
SZSE,2024-06-24
SZSE,2024-06-25
SZSE,2024-06-26
SZSE,2024-06-27
SZSE,2024-06-28
SZSE,2024-07-01
SZSE,2024-07-02
SZSE,2024-07-03
SZSE,2024-07-04
SZSE,2024-07-05
SZSE,2024-07-08
SZSE,2024-07-09
SZSE,2024-07-10
SZSE,2024-07-11
SZSE,2024-07-12
SZSE,2024-07-15
SZSE,2024-07-16
SZSE,2024-07-17
SZSE,2024-07-18
SZSE,2024-07-19
SZSE,2024-07-22
SZSE,2024-07-23
SZSE,2024-07-24
SZSE,2024-07-25
SZSE,2024-07-26
SZSE,2024-07-29
SZSE,2024-07-30
SZSE,2024-07-31
SZSE,2024-08-01
SZSE,2024-08-02
SZSE,2024-08-05
SZSE,2024-08-06
SZSE,2024-08-07
SZSE,2024-08-08
SZSE,2024-08-09
SZSE,2024-08-12
SZSE,2024-08-13
SZSE,2024-08-14
SZSE,2024-08-15
SZSE,2024-08-16
SZSE,2024-08-19
SZSE,2024-08-20
SZSE,2024-08-21
SZSE,2024-08-22
SZSE,2024-08-23
SZSE,2024-08-26
SZSE,2024-08-27
SZSE,2024-08-28
SZSE,2024-08-29
SZSE,2024-08-30
SZSE,2024-09-02
SZSE,2024-09-03
SZSE,2024-09-04
SZSE,2024-09-05
SZSE,2024-09-06
SZSE,2024-09-09
SZSE,2024-09-10
SZSE,2024-09-11
SZSE,2024-09-12
SZSE,2024-09-13
SZSE,2024-09-18
SZSE,2024-09-19
SZSE,2024-09-20
SZSE,2024-09-23
SZSE,2024-09-24
SZSE,2024-09-25
SZSE,2024-09-26
SZSE,2024-09-27
SZSE,2024-09-30
SZSE,2024-10-08
SZSE,2024-10-09
SZSE,2024-10-10
SZSE,2024-10-11
SZSE,2024-10-14
SZSE,2024-10-15
SZSE,2024-10-16
SZSE,2024-10-17
SZSE,2024-10-18
SZSE,2024-10-21
SZSE,2024-10-22
SZSE,2024-10-23
SZSE,2024-10-24
SZSE,2024-10-25
SZSE,2024-10-28
SZSE,2024-10-29
SZSE,2024-10-30
SZSE,2024-10-31
SZSE,2024-11-01
SZSE,2024-11-04
SZSE,2024-11-05
SZSE,2024-11-06
SZSE,2024-11-07
SZSE,2024-11-08
SZSE,2024-11-11
SZSE,2024-11-12
SZSE,2024-11-13
SZSE,2024-11-14
SZSE,2024-11-15
SZSE,2024-11-18
SZSE,2024-11-19
SZSE,2024-11-20
SZSE,2024-11-21
SZSE,2024-11-22
SZSE,2024-11-25
SZSE,2024-11-26
SZSE,2024-11-27
SZSE,2024-11-28
SZSE,2024-11-29
SZSE,2024-12-02
SZSE,2024-12-03
SZSE,2024-12-04
SZSE,2024-12-05
SZSE,2024-12-06
SZSE,2024-12-09
SZSE,2024-12-10
SZSE,2024-12-11
SZSE,2024-12-12
SZSE,2024-12-13
SZSE,2024-12-16
SZSE,2024-12-17
SZSE,2024-12-18
SZSE,2024-12-19
SZSE,2024-12-20
SZSE,2024-12-23
SZSE,2024-12-24
SZSE,2024-12-25
SZSE,2024-12-26
SZSE,2024-12-27
SZSE,2024-12-30
SZSE,2024-12-31
