Date,Date,Open,High,Low,Close,Adj Close,Volume,momentum_1d,momentum_3d,momentum_5d,momentum_15d,momentum_30d,highlow_1d,highlow_3d,highlow_5d,highlow_15d,highlow_30d,vstd_1d,vstd_3d,vstd_5d,vstd_15d,vstd_30d,sobv,rsi,dif,dea,macd,kdj_k,kdj_d,kdj_j,label_reg,Symbol,prediction
2022-05-02,2022-05-02,156.710007,158.229996,153.270004,157.960007,157.248611,123055300,0.3100129999999979,NaN,NaN,NaN,NaN,1.0,NaN,NaN,NaN,NaN,NaN,NaN,NaN,NaN,NaN,254802900.0,NaN,NaN,NaN,NaN,NaN,NaN,NaN,0.001966463760220618,AAPL,0.32407182
2022-05-03,2022-05-03,158.149994,160.710007,156.320007,159.479996,158.761765,88966500,1.5199890000000096,NaN,NaN,NaN,NaN,1.0,1.0116080055163212,NaN,NaN,NaN,NaN,22612035.4455321,NaN,NaN,NaN,343769400.0,NaN,NaN,NaN,NaN,NaN,NaN,NaN,0.009622619224117973,AAPL,0.32597494
2022-05-04,2022-05-04,159.669998,166.479996,159.259995,166.020004,165.272324,108256500,6.540008,8.370010000000008,NaN,NaN,NaN,1.0,1.0510255548418659,NaN,NaN,NaN,NaN,17093638.518856462,NaN,NaN,NaN,452025900.0,NaN,NaN,NaN,NaN,NaN,NaN,NaN,0.0410083280915056,AAPL,0.3279761
2022-05-05,2022-05-05,163.850006,164.080002,154.949997,156.770004,156.06398,130525300,-9.25,-1.1900029999999902,NaN,NaN,NaN,1.0,1.0590036343942428,1.0590036343942428,NaN,NaN,NaN,20797184.949250545,18015401.00963617,NaN,NaN,321500600.0,NaN,NaN,NaN,NaN,NaN,NaN,NaN,-0.05571617743124497,AAPL,0.32407182
2022-05-06,2022-05-06,156.009995,159.440002,154.179993,157.279999,156.801712,116124600,0.5099950000000035,-2.199996999999996,-0.36999499999998875,NaN,NaN,1.0,1.0590036343942428,1.0590036343942428,NaN,NaN,NaN,11292966.922971724,15948155.432463028,NaN,NaN,437625200.0,NaN,NaN,NaN,NaN,NaN,NaN,NaN,0.003253141461934284,AAPL,0.32407182
2022-05-09,2022-05-09,154.929993,155.830002,151.490005,152.059998,151.597595,131577900,-5.220000999999996,-13.960005999999993,-5.900008999999983,NaN,NaN,1.0,1.0343285615458182,1.091805906771089,NaN,NaN,NaN,8634162.844383555,17608972.88339101,NaN,NaN,306047300.0,NaN,NaN,NaN,NaN,NaN,NaN,NaN,-0.033189223252729015,AAPL,0.32407182
2022-05-10,2022-05-10,155.520004,156.740005,152.929993,154.509995,154.040131,115366700,2.449996999999996,-2.2600089999999966,-4.970000999999996,NaN,NaN,1.0,1.0343285615458182,1.091805906771089,NaN,NaN,NaN,9148605.528895292,10229130.639990868,NaN,NaN,421414000.0,NaN,NaN,NaN,NaN,NaN,NaN,NaN,0.016112041511403913,AAPL,0.3279761
2022-05-11,2022-05-11,153.5,155.449997,145.809998,146.5,146.054504,142689800,-8.009995000000004,-10.779999000000004,-19.520004,NaN,NaN,1.0,1.0546757337883959,1.0735836109215018,NaN,NaN,NaN,13740627.840216529,11541586.126828495,NaN,NaN,278724200.0,NaN,NaN,NaN,NaN,NaN,NaN,NaN,-0.05184127408715535,AAPL,0.32407182
2022-05-12,2022-05-12,142.770004,146.199997,138.800003,142.559998,142.12648,182602000,-3.9400019999999927,-9.5,-14.210005999999993,NaN,NaN,1.0,1.0838243347899037,1.103254778384607,NaN,NaN,NaN,33813510.78227953,27580963.209703173,NaN,NaN,96122200.0,NaN,NaN,NaN,NaN,NaN,NaN,NaN,-0.026894211604095514,AAPL,0.32407182
2022-05-13,2022-05-13,144.589996,148.100006,143.110001,147.110001,146.662659,113990900,4.550003000000004,-7.399993999999992,-10.169997999999993,NaN,NaN,1.0,1.0319164075745848,1.0838243347899037,NaN,NaN,NaN,34457929.93700193,28010857.24809221,NaN,NaN,210113100.0,NaN,NaN,NaN,NaN,NaN,NaN,NaN,0.03191640757458487,AAPL,0.3279761
2022-05-16,2022-05-16,145.550003,147.520004,144.179993,145.539993,145.097427,86643800,-1.5700080000000014,-0.9600069999999903,-6.520004999999998,NaN,NaN,1.0,1.0319164075745848,1.0838243347899037,NaN,NaN,NaN,49435687.2931219,36273353.11537934,NaN,NaN,123469300.0,NaN,NaN,NaN,NaN,NaN,NaN,NaN,-0.010672340352985256,AAPL,0.32407182
2022-05-17,2022-05-17,148.860001,149.770004,146.679993,149.240005,148.786179,78336300,3.7000119999999868,6.680006999999989,-5.269990000000007,NaN,NaN,1.0,1.025422647917813,1.046857513283635,NaN,NaN,NaN,18655334.071072925,42763338.25314623,NaN,NaN,201805600.0,NaN,NaN,NaN,NaN,31.889611860014497,23.396405776733797,48.8760240265759,0.025422647917813124,AAPL,0.3279761
2022-05-18,2022-05-18,146.850006,147.360001,139.899994,140.820007,140.391785,109742900,-8.419997999999993,-6.289994000000007,-5.679992999999996,NaN,NaN,1.0,1.0597926259157195,1.0597926259157195,NaN,NaN,NaN,16273483.035396393,41061759.1098701,NaN,NaN,92062700.0,NaN,NaN,NaN,NaN,25.144666824050645,26.561999348148998,22.31000177585394,-0.05641917527408279,AAPL,0.32407182
2022-05-19,2022-05-19,139.880005,141.660004,136.600006,137.350006,136.932327,136095600,-3.4700009999999963,-8.189987000000002,-5.209992,NaN,NaN,1.0,1.0865671531168335,1.0865671531168335,1.208736780106147,NaN,NaN,28916477.59017917,23011754.825849332,25650323.93407816,NaN,-44032900.0,32.929717045849735,NaN,NaN,NaN,18.269417372153004,25.10123201873938,4.605788078980254,-0.02464139204310646,AAPL,0.32407182
2022-05-20,2022-05-20,139.089996,140.699997,132.610001,137.589996,137.171585,137426100,0.23999000000000592,-11.650008999999983,-9.520004999999998,-20.05999799999998,NaN,1.0,1.0252639304580737,1.0865671531168335,1.208736780106147,NaN,NaN,15612999.870727405,27297999.750402957,25881460.627662383,NaN,93393200.0,33.21998512234611,NaN,NaN,NaN,11.382986590748397,18.265690262317346,-2.3824207523895,0.0017472878741629316,AAPL,0.32407182
2022-05-23,2022-05-23,137.789993,143.259995,137.649994,143.110001,142.674805,117726300,5.520004999999998,2.289994000000007,-2.4299919999999986,-14.85000599999998,NaN,1.0,1.0419366199372426,1.0865671531168335,1.208736780106147,NaN,NaN,11009719.43920464,24101380.03513492,25874472.507258136,NaN,211119500.0,39.68575227569639,NaN,NaN,NaN,23.444701749393158,17.699035237431517,34.936034773316436,0.040119232215109574,AAPL,0.3279761
2022-05-24,2022-05-24,140.809998,141.970001,137.330002,140.360001,139.933167,104132700,-2.75,3.0099950000000035,-8.880003999999985,-19.11999499999999,NaN,1.0,1.0401192322151096,1.0419366199372426,1.208736780106147,NaN,NaN,16739765.85140905,15162750.958912436,24862680.14106398,NaN,106986800.0,37.72603844254283,NaN,NaN,NaN,37.25777828603281,24.028488875391457,63.71635710731551,-0.019215987567493622,AAPL,0.32407182
2022-05-25,2022-05-25,138.429993,141.789993,138.339996,140.520004,140.092697,92482700,0.16000299999998902,2.9300079999999866,-0.3000030000000038,-25.5,NaN,1.0,1.0195924763494408,1.0419366199372426,1.145103692241557,NaN,NaN,12634264.270361528,19668633.71543636,25746676.32148903,NaN,199469500.0,37.91812764913591,NaN,NaN,NaN,45.743576607435784,35.482018880953916,66.26669206039952,0.0011399472703052275,AAPL,0.32407182
2022-05-26,2022-05-26,137.389999,144.339996,137.139999,143.779999,143.342758,90601500,3.2599950000000035,0.6699979999999925,6.429992999999996,-12.990004999999996,NaN,1.0,1.0243659017927764,1.044988757758231,1.145103692241557,NaN,NaN,7329788.388032357,19479630.176366284,26596938.528626252,NaN,290071000.0,41.8535654248291,NaN,NaN,NaN,52.11731994840948,45.03955828062602,66.2728432839764,0.02319950830630494,AAPL,0.3279761
2022-05-27,2022-05-27,145.389999,149.679993,145.259995,149.639999,149.184952,90978500,5.859999999999985,9.279997999999978,12.050002999999975,-7.640000000000015,NaN,1.0,1.064901755909429,1.0661156877592213,1.124936208593977,NaN,NaN,995293.9331343299,11770763.34177185,27437678.52969447,NaN,381049500.0,48.209034583756875,NaN,NaN,NaN,70.14373093835313,56.00154249806612,98.42810781892713,0.04075671192625328,AAPL,0.3279761
2022-05-31,2022-05-31,149.070007,150.660004,146.839996,148.839996,148.38739,103718400,-0.8000029999999754,8.319992000000013,5.729995000000002,-3.220001999999994,NaN,1.0,1.0407567119262533,1.0661156877592213,1.124936208593977,NaN,NaN,7466595.01401636,6923016.783743919,27203343.49487734,NaN,277331100.0,47.446590120778055,NaN,NaN,NaN,84.75082238570116,69.00395775748791,116.24455164212765,-0.005346184211080992,AAPL,0.32407182
2022-06-01,2022-06-01,149.899994,151.740005,147.679993,148.710007,148.257782,74286600,-0.12998900000002322,4.930007999999987,8.35000599999998,-5.799988000000013,NaN,1.0,1.0062537284394049,1.064901755909429,1.0894793772342461,NaN,NaN,14760055.492556049,10508727.625788005,29010090.712087117,NaN,203044500.0,47.315646534973425,NaN,NaN,NaN,91.10675584154257,82.00043638853226,109.31939474756317,-0.0008733472419605764,AAPL,0.32407182
2022-06-02,2022-06-02,147.830002,151.270004,146.860001,151.210007,150.750183,72348100,2.5,1.5700080000000014,10.69000299999999,4.71000699999999,NaN,1.0,1.0168112425682287,1.0516762279293101,1.1009100866002146,NaN,NaN,17578795.728471674,13064567.550324809,29165538.329674512,NaN,275392600.0,50.16428916985166,NaN,NaN,NaN,90.43578860320218,88.76445561014862,93.77845458930932,0.01681124256822878,AAPL,0.3279761
2022-06-03,2022-06-03,146.899994,147.970001,144.460007,145.380005,144.937912,88570300,-5.830001999999979,-3.4599910000000023,1.6000060000000076,2.820007000000004,NaN,1.0,1.0401018145514576,1.0401018145514576,1.1009100866002146,NaN,NaN,8859473.656111507,12931645.209987784,20299914.750602096,NaN,186822300.0,44.16684673993064,NaN,NaN,NaN,79.27629500485453,86.93961314986642,63.94965871483075,-0.03855566252304968,AAPL,0.32407182
2022-06-06,2022-06-06,147.029999,148.570007,144.899994,146.139999,145.695602,71598400,0.7599939999999776,-2.5700080000000014,-3.5,-0.9700020000000222,NaN,1.0,1.0401018145514576,1.0401018145514576,1.1009100866002146,NaN,NaN,9589640.352484573,13925267.334345866,21118387.413032994,NaN,258420700.0,45.088486041563854,NaN,NaN,NaN,71.7705592907032,80.49421429958663,54.32324927293635,0.0052276377346388014,AAPL,0.32407182
2022-06-07,2022-06-07,144.350006,149.0,144.100006,148.710007,148.257782,67808200,2.5700080000000014,-2.5,-0.12998900000002322,3.1700139999999806,NaN,1.0,1.022905502032415,1.0401018145514576,1.1009100866002146,NaN,NaN,11056489.81413181,7983690.471016521,22303560.379790265,NaN,326228900.0,48.20227051235132,NaN,NaN,NaN,65.7762606398929,72.2743716451502,52.78003862937831,0.017585931419090824,AAPL,0.3279761
2022-06-08,2022-06-08,148.580002,149.869995,147.460007,147.960007,147.510071,53950200,-0.75,2.580001999999979,-0.75,-1.2799980000000062,NaN,1.0,1.017585931419091,1.0401018145514576,1.1009100866002146,NaN,NaN,9290395.966444796,12365972.449953137,24447220.137900136,NaN,272278700.0,47.35828962582872,NaN,NaN,NaN,71.6666737442893,69.73783122496178,75.52435878294432,-0.005043372770468635,AAPL,0.32407182
2022-06-09,2022-06-09,147.080002,147.949997,142.529999,142.639999,142.206238,69473000,-5.320008000000001,-3.5,-8.570008000000001,1.819991999999985,NaN,1.0,1.0425547395019261,1.0425547395019261,1.1009100866002146,NaN,NaN,8522255.598138347,12346018.233908454,24814785.2833595,NaN,202805700.0,41.771289247521274,NaN,NaN,NaN,51.51685471150182,62.98659636522799,28.577371404049487,-0.03595571606048925,AAPL,0.32407182
2022-06-10,2022-06-10,140.279999,140.759995,137.059998,137.130005,136.712997,91437900,-5.509993999999978,-11.580001999999979,-8.25,-0.22000099999999634,NaN,1.0,1.07897616571953,1.0844454282634932,1.1026763034100375,1.2106759859011162,NaN,18835878.01307212,13427337.62322226,21532950.42183572,28186722.84589928,111367800.0,36.91396681720504,NaN,NaN,NaN,25.260284419398918,49.481270958396664,-23.18168865859657,-0.038628673854659644,AAPL,0.32407182
2022-06-13,2022-06-13,132.869995,135.199997,131.440002,131.880005,131.478958,122207100,-5.25,-16.08000199999998,-14.259993999999978,-5.709991000000002,-25.76998899999998,1.0,1.0815892750383196,1.1276160248856526,1.146572651403827,1.2588716841495418,NaN,26489261.357073236,26671889.63922504,19302785.183656216,27916267.635710355,-10839300.0,32.97893263156404,NaN,NaN,NaN,1.2795806737732005,26.018906601557962,-48.19907118179632,-0.0382848378077431,AAPL,0.32407182
2022-06-14,2022-06-14,133.130005,133.889999,131.479996,132.759995,132.356277,84784300,0.8799899999999923,-9.880003999999985,-15.950011999999987,-10.350006000000008,-25.200011999999987,1.0,1.0398089156881667,1.1219290369302002,1.146572651403827,1.2588716841495418,NaN,19964468.52719434,25637169.457157318,17387562.670092024,27878408.639210675,73945000.0,34.244236208598494,NaN,NaN,NaN,3.100311267625911,9.88005878693266,-10.459183770987586,0.0066726567078913305,AAPL,0.32407182
2022-06-15,2022-06-15,134.289993,137.339996,132.160004,135.429993,135.018158,91533000,2.6699979999999925,-1.7000120000000152,-12.530013999999994,-4.930008000000015,-24.050003000000004,1.0,1.0269183186640005,1.0815892750383196,1.146572651403827,1.2588716841495418,NaN,19945389.284828044,19186396.314133614,16699644.605023539,27839415.459736515,165478000.0,38.06489418938419,NaN,NaN,NaN,10.157830344916187,4.84590742877175,20.781676177205064,0.020111465053911703,AAPL,0.3279761
2022-06-16,2022-06-16,132.080002,132.389999,129.039993,130.059998,129.66449,108123900,-5.369994999999989,-1.820007000000004,-12.580000999999982,-10.460005999999993,-35.96000599999999,1.0,1.0412885982052682,1.0543595810296722,1.162617325274755,1.2092880318205141,NaN,12010688.591555994,15288375.383211913,17699757.795469474,27838491.543945033,57354100.0,33.809927160546636,-5.147224531938008,-4.059869978578541,-1.087354553359467,11.067598637014788,8.108580083185613,16.985635744673136,-0.039651445599646375,AAPL,0.32407182
2022-06-17,2022-06-17,130.070007,133.080002,129.809998,131.559998,131.159927,134520300,1.5,-1.1999969999999962,-5.570007000000004,-12.220000999999996,-25.210005999999993,1.0,1.0412885982052682,1.0412885982052682,1.162617325274755,1.2092880318205141,NaN,21679236.8295104,20706527.01449473,21779153.797519248,27986028.16266734,191874400.0,35.963220110536575,-5.302776159698368,-4.308451214802506,-0.9943249448958618,12.881403152146978,11.368944044692634,15.906321367055664,0.011533138728788847,AAPL,0.32597494
2022-06-21,2022-06-21,133.419998,137.059998,133.320007,135.869995,135.456833,81000500,4.309996999999981,0.4400019999999927,3.9899899999999775,-13.770004,-21.410004000000015,1.0,1.044671667609898,1.044671667609898,1.162617325274755,1.1879901382129807,NaN,26760722.9366722,21919381.778690748,21845607.06998084,28139158.335477434,272874900.0,41.81994444784423,-5.02039917108101,-4.450840806058207,-0.5695583650228029,16.59467275455211,13.514558181237945,22.754901901180446,0.03276069523807671,AAPL,0.3279761
2022-06-22,2022-06-22,134.789993,137.759995,133.910004,135.350006,134.938416,73409200,-0.5199889999999812,5.290008,2.590011000000004,-13.489990000000006,-16.709992,1.0,1.0327606952380768,1.044671667609898,1.162617325274755,1.1879901382129807,NaN,33308065.517078593,24348197.196445573,21658151.491715353,28000680.20693406,199465700.0,41.328832715291455,-4.783431716510933,-4.517358988148752,-0.26607272836218065,26.085286993853227,18.52045430018409,41.2149523811915,-0.0038271069340952077,AAPL,0.32407182
2022-06-23,2022-06-23,136.820007,138.589996,135.630005,138.270004,137.849533,72433800,2.9199979999999925,6.710005999999993,2.840011000000004,-10.44000299999999,-16.239991000000003,1.0,1.0215736820876091,1.0631247587747925,1.162617325274755,1.162617325274755,NaN,4689839.900252473,26923018.963203218,21732865.087231506,28262250.865258705,271899500.0,45.21926444021574,-4.310327098639647,-4.475952610246931,0.165625511607284,48.30408303285094,30.32801426041874,84.25622057771534,0.02157368208760916,AAPL,0.3279761
2022-06-24,2022-06-24,139.899994,141.910004,139.770004,141.660004,141.229218,89116800,3.3899999999999864,5.790008999999998,11.60000599999998,-9.550003000000004,-4.8399960000000135,1.0,1.0466198575565633,1.0767711018055806,1.1433954273934401,1.162617325274755,NaN,9363071.005462551,25727456.084832795,21434694.355740108,27016323.214096278,361016300.0,49.41311396003887,-3.6201132003229475,-4.304784728262134,0.6846715279391864,70.06016536121287,48.14984512930565,113.88080582502731,0.024517248151666983,AAPL,0.3279761
2022-06-27,2022-06-27,142.699997,143.490005,140.970001,141.660004,141.229218,70207900,0.0,6.309997999999979,10.10000599999998,-3.7200010000000248,-0.8999940000000208,1.0,1.024517248151667,1.0466198575565633,1.1433954273934401,1.162617325274755,NaN,10334599.000606338,7784994.440139312,21838618.04739477,21966927.574606337,361016300.0,49.41311396003887,-3.03809247428768,-4.051446277467243,1.0133538031795633,88.04916336060371,68.80447058488915,126.53854891203287,0.0,AAPL,0.32407182
2022-06-28,2022-06-28,142.130005,143.419998,137.320007,137.440002,137.022064,67083400,-4.220001999999994,-0.8300020000000075,1.570007000000004,-8.699996999999996,-9.669999000000018,1.0,1.0307043214391105,1.0466198575565633,1.1433954273934401,1.162617325274755,NaN,11921826.726778643,8551689.26364844,22072885.600210875,22062729.164279144,293932900.0,44.49520462752371,-2.884109529681268,-3.8179789279100484,0.9338693982287802,81.17488178352491,79.76140350178046,84.0018383470138,-0.02978965043654802,AAPL,0.32407182
2022-06-29,2022-06-29,137.460007,140.669998,136.669998,139.229996,138.80661,66242400,1.7899940000000072,-2.4300079999999866,3.8799899999999923,-9.48001099999999,-6.30999700000001,1.0,1.0307043214391105,1.0307043214391105,1.137628858029046,1.162617325274755,NaN,2089456.528222978,9334580.053649977,22164215.457478307,22513339.141945194,360175300.0,46.90890617659953,-2.587808732286703,-3.5719448887853793,0.9841361564986761,71.99537965781612,80.40647493398154,55.17318910548528,0.013023821114321632,AAPL,0.3279761
2022-06-30,2022-06-30,137.25,138.369995,133.770004,136.720001,136.304245,98964500,-2.5099950000000035,-4.94000299999999,-1.5500030000000038,-11.240005999999994,-12.520004,1.0,1.0183586525866102,1.0361322627550302,1.0967245978275348,1.162617325274755,NaN,18654077.51056053,14838311.841479812,20650531.68442693,22447758.643633362,261210800.0,44.018278968308216,-2.5264010564671935,-3.3628361223217422,0.8364350658545487,59.720729075991386,70.96366350577743,37.23486021641929,-0.018027688516201665,AAPL,0.32407182
2022-07-01,2022-07-01,136.039993,139.039993,135.660004,138.929993,138.507507,71051600,2.2099919999999997,1.4899910000000034,-2.7300109999999904,-3.710005999999993,-1.8900140000000079,1.0,1.0183586525866102,1.0361322627550302,1.0891896523018552,1.162617325274755,NaN,17668211.659455903,13709475.213625064,20552965.70075418,22449227.333741874,332262400.0,47.10873966303043,-2.2732030761930275,-3.144909513095999,0.8717064369029717,58.7309334687961,63.48234740086784,49.228105604652626,0.01616436500757486,AAPL,0.3279761
2022-07-05,2022-07-05,137.770004,141.610001,136.929993,141.559998,141.129517,73353800,2.6300050000000113,2.3300020000000075,-0.10000599999997917,4.429992999999996,4.209992,1.0,1.0354007969909247,1.0354007969909247,1.0891896523018552,1.162617325274755,NaN,15493751.782250814,13522112.731300535,20873658.84143382,20851007.437444553,405616200.0,50.603547455853274,-1.8391221734005114,-2.8837520451569016,1.0446298717563902,61.93925667130401,60.1303064053638,65.55715720318443,0.018930433545764385,AAPL,0.3279761
2022-07-06,2022-07-06,141.350006,144.119995,141.080002,142.919998,142.485397,74064300,1.3599999999999852,6.199996999999996,5.479996,11.039992999999981,5.330001999999979,1.0,1.028719536464671,1.0453481345425093,1.098877442701483,1.162617325274755,NaN,1574870.1734853,12797573.129191332,18645186.30222203,18741235.86959559,479680500.0,52.35665532649999,-1.3695816122565247,-2.5809179585768263,1.2113363463203015,74.57063134311272,65.08027382773757,93.55134637386303,0.009607233817564656,AAPL,0.32407182
2022-07-07,2022-07-07,143.289993,146.550003,143.279999,146.350006,145.904968,66253700,3.430008000000015,7.4200130000000115,7.120010000000008,13.590011000000004,3.2400049999999965,1.0,1.0338372991500042,1.0704359634988594,1.12524994810472,1.162617325274755,NaN,4318983.341404966,12795257.658093486,19176380.42993308,18039169.41258279,545934200.0,56.54544974505534,-0.7124813137846502,-2.2072306296183912,1.494749315833741,88.99495235933996,75.16828012458552,116.64829682884886,0.023999496557507754,AAPL,0.3279761
2022-07-08,2022-07-08,145.259995,147.550003,145.0,147.039993,146.59285,64547800,0.6899870000000021,5.479995000000002,10.319992000000013,11.610000000000014,6.679991999999999,1.0,1.028827281399766,1.058374724023775,1.130555091966094,1.162617325274755,NaN,5074106.479962779,4258150.717506369,19530018.339522667,17952540.55899618,610482000.0,57.3576413222583,-0.1344979994402138,-1.7926841035827557,1.6581861041425419,94.37993510905879,85.98183960383712,111.17612611950213,0.004714635952936019,AAPL,0.32407182
2022-07-11,2022-07-11,145.669998,146.639999,143.779999,144.869995,144.429443,63141600,-2.169998000000021,1.9499969999999962,5.940001999999993,14.809996999999981,4.349990999999989,1.0,1.0149789333533146,1.0387114656500631,1.1176649075351917,1.162617325274755,NaN,1558453.2748851553,5090177.672046429,18440017.866526213,18189773.49564829,547340400.0,53.94287921236349,0.1467654177748443,-1.4047941993112356,1.55155961708608,91.7618179344524,91.71223513428367,91.86098353478985,-0.014757876110617204,AAPL,0.32407182
2022-07-12,2022-07-12,145.759995,148.449997,145.050003,145.860001,145.416443,77588800,0.9900060000000224,-0.49000499999999647,4.300003000000004,14.300003000000004,2.0800020000000075,1.0,1.0149789333533146,1.028827281399766,1.0863685739326823,1.162617325274755,NaN,7966248.252052754,6344852.798371291,9691833.585314224,18121767.097482912,624929200.0,55.25178404684272,0.4444307911738292,-1.0349492012142227,1.479379992388052,86.40244758083189,90.848066874781,77.51120899293366,0.006833754636355323,AAPL,0.32407182
2022-07-13,2022-07-13,142.990005,146.449997,142.119995,145.490005,145.047577,71185600,-0.36999600000001465,-1.5499880000000132,2.570007000000004,9.620010000000008,-4.149993999999992,1.0,1.0068337546363553,1.0149789333533146,1.0863685739326823,1.162617325274755,NaN,7239112.446518119,5898886.984847226,9507588.835381074,18111017.93907432,553743600.0,54.626953642081624,0.6430643140228938,-0.6993464981667994,1.3424108121896932,80.91499622931987,86.35975391486801,70.0254808582236,-0.002536651566319505,AAPL,0.32407182
2022-07-14,2022-07-14,144.080002,148.949997,143.25,148.470001,148.018509,78140700,2.979996,3.6000060000000076,2.1199949999999887,13.119994999999989,-0.36999500000001717,1.0,1.0204824791916118,1.0248499076706672,1.0859420707581768,1.162617325274755,NaN,3866069.9221992237,7031898.403702944,9591613.451110298,17572734.648286603,631884300.0,58.679982373952825,1.0290809793431208,-0.3536610026648153,1.382741982007936,86.19393808440826,84.5037939648533,89.57422632351816,0.02048247919161182,AAPL,0.3279761
2022-07-15,2022-07-15,149.779999,150.860001,148.199997,150.169998,149.713348,76259900,1.6999969999999962,4.309996999999981,3.130004999999983,11.899993999999992,1.4599910000000023,1.0,1.0321671100361842,1.0365845460269396,1.0983762207550012,1.162617325274755,NaN,3597669.271903712,6289758.356805133,9610425.01009022,17555789.961057924,708144200.0,60.829579789928005,1.4554005663678709,0.008151311141721906,1.447249255226149,90.42383012618963,85.84425481330588,99.58298075195714,0.011450104321074238,AAPL,0.3279761
2022-07-18,2022-07-18,150.740005,151.570007,146.699997,147.070007,146.622772,81420900,-3.0999909999999886,1.5800020000000075,2.200012000000015,5.410003000000017,-4.139999999999986,1.0,1.021078335843147,1.0321671100361842,1.0983762207550012,1.1546209465572956,NaN,2611929.0980678457,3725405.170850548,8915384.606301732,17503198.31584681,626723300.0,55.19109273821277,1.5255331480383347,0.3116276785210445,1.2139054695172902,82.84565186315197,86.4878066912499,75.56134220695611,-0.02064321130243332,AAPL,0.32407182
2022-07-19,2022-07-19,147.919998,151.229996,146.910004,151.0,150.540817,82982400,3.929992999999996,2.5299990000000037,5.139998999999989,9.339996000000014,5.619994999999989,1.0,1.0267219202620967,1.0378719830272878,1.1044470369774209,1.1610026320314106,NaN,3518195.7852475317,4637095.9764706185,9204323.527130682,17438269.85495198,709705700.0,60.224678752137926,1.8765990493694744,0.6246219526907305,1.2519770966787438,82.03895103219226,85.10281100717789,75.91123108222101,0.02672192026209665,AAPL,0.3279761
2022-07-20,2022-07-20,151.119995,153.720001,150.369995,153.039993,152.574615,64823400,2.0399930000000097,2.869995000000017,7.549988000000013,15.599991000000017,6.899994000000021,1.0,1.0405928178136281,1.0405928178136281,1.1193679921052664,1.1766876468812495,NaN,10063668.727159105,7160222.3703597365,9345707.91283846,17591294.045331042,774529100.0,62.57484371585132,2.2929994216446516,0.9582974464815147,1.3347019751631368,81.73602500279603,82.2068759660467,80.79432307629469,0.013509887417218607,AAPL,0.3279761
2022-07-21,2022-07-21,154.5,155.570007,151.940002,155.350006,154.877594,65086600,2.310012999999998,8.279999000000004,6.880005000000011,16.120010000000008,6.639999000000017,1.0,1.0288079867549669,1.0562997117420414,1.1362639325902288,1.194448780477453,NaN,10408956.182698315,8724296.390712548,9418728.193374244,17660924.303098693,839615700.0,65.09021584925739,2.7773825233229843,1.3221144618498086,1.4552680614731757,95.49011964893246,86.42169856130687,113.62696182418364,0.015094178683084478,AAPL,0.3279761
2022-07-22,2022-07-22,155.389999,156.279999,153.410004,154.089996,153.621414,66675400,-1.260009999999994,3.0899960000000135,3.919998000000021,17.369995000000017,6.129989000000023,1.0,1.0150941786830845,1.0562997117420414,1.1181891155785202,1.194448780477453,NaN,1001953.3987832901,9176342.04506349,6535661.021947651,17172690.478541274,772940300.0,62.61802365800426,3.0247202522923544,1.6626356199383179,1.3620846323540365,92.34535096025911,89.85716520399582,97.3217224727857,-0.008110781791665937,AAPL,0.32407182
2022-07-25,2022-07-25,154.009995,155.039993,152.279999,152.949997,152.484894,53623900,-1.1399990000000173,-0.08999600000001351,5.879989999999992,14.020004,10.309998000000007,1.0,1.0156914615696266,1.0288079867549669,1.0974145817662415,1.194448780477453,NaN,7121088.739090397,10514361.885915855,8047121.132447433,17739102.143817257,719316400.0,60.38342554690459,3.093093535646773,1.948727203080009,1.144366332566764,86.46041038201496,91.43196033040213,76.51731048524059,-0.0073982674384650985,AAPL,0.32407182
2022-07-26,2022-07-26,152.259995,153.089996,150.800003,151.600006,151.139008,55138700,-1.3499909999999886,-3.75,0.6000060000000076,10.040008,14.470000999999996,1.0,1.0164247354977018,1.0247361467782528,1.0869717896301678,1.194448780477453,NaN,7138297.161321697,6169811.998351327,8929472.331170484,18121807.67190888,664177700.0,57.754970675913,3.0037218284669507,2.159726128157397,0.8439957003095535,75.03328715605643,84.61301616611011,55.87382913594908,-0.008826355191102022,AAPL,0.32407182
2022-07-27,2022-07-27,152.580002,157.330002,152.160004,156.789993,156.313202,78620700,5.189987000000002,2.699996999999996,3.75,13.869995000000017,24.909988,1.0,1.0342347413891264,1.0342347413891264,1.0822806544585029,1.2055204937032216,NaN,14015104.668892061,10101278.628124263,9173792.27588783,16103993.764871959,742798400.0,64.20579958541494,3.3134868689560903,2.3904782763171357,0.9230085926389546,78.4953117777871,79.99633643861944,75.49326245612241,0.03423474138912634,AAPL,0.3279761
2022-07-28,2022-07-28,156.979996,157.639999,154.410004,157.350006,156.871521,81378700,0.5600129999999979,4.400009000000011,2.0,11.0,24.590011000000004,1.0,1.037928758393321,1.037928758393321,1.0861462789447878,1.209826298782505,NaN,14419595.97214846,12859483.586909702,9589810.363942409,16057068.2614918,824177100.0,64.82986549452258,3.5630931443369604,2.625001249921101,0.9380918944158596,85.45071125595314,79.6597700632655,97.03259364132842,0.003571739428548848,AAPL,0.32407182
2022-07-29,2022-07-29,161.240005,163.630005,159.5,162.509995,162.015808,101786900,5.159988999999996,10.909988999999996,8.41999899999999,15.470001999999994,27.080002000000007,1.0,1.0364819328743766,1.0719656238008328,1.1217643446456944,1.249500211433188,NaN,12654208.876101267,20117043.29945134,12314412.961543264,16489235.907883996,925964000.0,70.0170073224158,4.129671620554575,2.9259353240477957,1.2037362965067793,95.19019105079592,86.37873802817866,112.81309709603042,0.03279306516200575,AAPL,0.3279761
2022-08-01,2022-08-01,161.009995,163.589996,160.889999,161.509995,161.01886,67829400,-1.0,4.720001999999994,8.559998000000007,16.640000000000015,31.449996999999996,1.0,1.0327930651620056,1.0719656238008328,1.1169839124000305,1.2352538573313143,NaN,17093809.62015197,17307472.172215097,12098774.334617376,15471300.977833541,858134600.0,67.92613784343416,4.446738271488016,3.23009591353584,1.2166423579521761,91.55420693571024,90.73170308081971,93.19921464549131,-0.00615346766825019,AAPL,0.32407182
2022-08-02,2022-08-02,160.100006,162.410004,159.630005,160.009995,159.523407,59907000,-1.5,2.659988999999996,8.409988999999996,14.149993999999992,28.449996999999996,1.0,1.0156240239867516,1.0364819328743766,1.1169839124000305,1.2006648525748864,NaN,22247854.773063704,15877418.588139571,12526064.474747047,11033241.60418568,798227600.0,64.80023206976159,4.524819114567066,3.489040553742085,1.0357785608249808,83.03272821721781,89.9257087345746,69.24676718250421,-0.00928735091596034,AAPL,0.32407182
2022-08-03,2022-08-03,160.839996,166.589996,160.75,166.130005,165.624817,82507500,6.120010000000008,3.6200100000000077,9.340012000000002,20.640000000000015,30.260010000000023,1.0,1.0382476732156638,1.0557991653333652,1.1295981307731902,1.2274103999670307,NaN,11467298.734662855,16015793.742896417,12790883.467446871,11073758.143944928,880735100.0,70.72057723074082,5.022634600004295,3.795759362994527,1.226875237009768,84.2945427113686,86.2938259547655,80.29597622457484,0.03824767321566386,AAPL,0.3279761
2022-08-04,2022-08-04,166.009995,167.190002,164.429993,165.809998,165.305786,55474100,-0.3200070000000039,4.300003000000004,8.459992,17.33999700000001,30.459992,1.0,1.0382476732156638,1.0382476732156638,1.1295981307731902,1.2151112038098948,NaN,14498493.704634756,18862278.409752093,13470987.556915332,11534438.394380005,825261000.0,70.05706157494883,5.329895352412308,4.102586560878083,1.2273087915342247,86.8172773521382,84.71484942690815,91.02213320259833,-0.0019262444493395633,AAPL,0.32407182
2022-08-05,2022-08-05,163.210007,165.850006,163.0,165.350006,165.076172,56697000,-0.45999199999999973,5.340011000000004,2.840011000000004,15.180008000000015,27.080002000000007,1.0,1.0047172601856453,1.0382476732156638,1.1295981307731902,1.2151112038098948,NaN,15266969.303150302,11166947.259882621,13923649.599843945,11892790.454079486,768564000.0,69.05413178640497,5.473192644442406,4.376707777590948,1.0964848668514584,92.48023086537152,87.86401697629272,101.71265864352912,-0.0027742114802992743,AAPL,0.32407182
2022-08-08,2022-08-08,166.369995,167.809998,164.199997,164.869995,164.596954,60276900,-0.48001100000001884,-1.2600100000000225,3.359999999999985,17.799987999999985,23.209991000000002,1.0,1.0057014801268116,1.0382476732156638,1.1001987086092715,1.2151112038098948,NaN,2495931.898777206,11111791.9056739,13782993.03704513,11627343.650179448,708287100.0,67.96077345027986,5.484798561053509,4.59832593428346,0.8864726267700487,87.18930141710344,88.828936544871,83.91003116156833,-0.002902999592271069,AAPL,0.32407182
2022-08-09,2022-08-09,164.020004,165.820007,163.25,164.919998,164.646866,63135500,0.050003000000003794,-0.8900000000000148,4.910002999999989,13.919997999999993,23.259994000000006,1.0,1.0029114515348898,1.0076424457949429,1.0958443167871643,1.2151112038098948,NaN,3225976.8603220945,10982170.934291635,13273008.182892809,11716928.331661817,771422600.0,68.01758199984842,5.435375532061613,4.765735853839091,0.6696396782225218,82.80684116180477,87.49212448142652,73.43627452256129,0.0003032874477857769,AAPL,0.32407182
2022-08-10,2022-08-10,167.679993,169.339996,166.899994,169.240005,168.959732,70170500,4.320007000000004,3.889998999999989,3.109999999999985,16.200011999999987,31.800003000000004,1.0,1.0265057932463697,1.0265057932463697,1.1163588278485952,1.2378584242403567,NaN,5091596.670331772,5876201.594567702,13266904.482791768,11696323.501192681,841593100.0,72.54657172596039,5.6793281272154275,4.948454308514359,0.7308738187010686,86.21022939601922,85.4021239916424,87.82644020477287,0.026194561316936253,AAPL,0.3279761
2022-08-11,2022-08-11,170.059998,170.990005,168.190002,168.490005,168.210968,57149200,-0.75,3.6200100000000077,2.680006999999989,13.139998999999989,29.260008999999997,1.0,1.0261945613169363,1.0265057932463697,1.1163588278485952,1.2378584242403567,NaN,6517684.486328988,5507850.496972481,13542031.23477126,11937707.511403376,784443900.0,70.67537412165488,5.7459083299459905,5.107945112800685,0.6379632171453054,85.13653826605561,84.7178696079598,85.97387558224725,-0.0044315763285400515,AAPL,0.32407182
2022-08-12,2022-08-12,169.820007,172.169998,169.399994,172.100006,171.814987,68039400,3.610001000000011,7.180008000000015,6.75,18.010009999999994,35.38000500000001,1.0,1.0214256091926641,1.0438528005050283,1.1352242690544485,1.2387534346165268,NaN,6984414.756441676,5376622.421650976,13541699.131121105,10676174.462130668,852483300.0,74.13371332163415,6.020569157385069,5.290469921717562,0.7300992356675069,92.13954613413091,87.82877126540184,100.76109587158905,0.021425609192664046,AAPL,0.3279761
2022-08-15,2022-08-15,171.520004,173.389999,171.350006,173.190002,172.903183,54091700,1.089995999999985,3.949996999999996,8.320007000000004,20.240004999999996,34.260009,1.0,1.0278948119207427,1.0501455499653838,1.1424142159994373,1.2234388559400797,NaN,7331247.024210836,6878489.348178131,13508082.432955476,11040060.70720859,906575000.0,75.0889890117053,6.254100037488229,5.483195944871695,0.7709040926165338,91.95085088088099,89.74231176035578,96.36792912193144,0.00633350355606603,AAPL,0.32407182
2022-08-16,2022-08-16,172.779999,173.710007,171.660004,173.029999,172.743439,56377100,-0.16000299999998902,4.539994000000007,8.110001000000011,21.429992999999996,31.470000999999996,1.0,1.006333503556066,1.0278948119207427,1.1045985696293767,1.2117968403553994,NaN,7480760.096630126,7372899.919095607,13430828.094481753,11244785.03484091,850197900.0,74.65314542979485,6.35303025936409,5.657162807770174,0.6958674515939158,97.17010600008894,93.75350100503356,104.0033159901997,-0.0009238581797579113,AAPL,0.32407182
2022-08-17,2022-08-17,172.770004,176.149994,172.570007,174.550003,174.260925,79542000,1.5200040000000001,2.449996999999996,5.309998000000007,17.760009999999994,31.63000500000001,1.0,1.0087846269940741,1.035966513265876,1.1093104311670632,1.204873397006744,NaN,14080443.975362906,10682670.993576465,13486997.837518722,11382234.808935704,929739900.0,76.07392636719237,6.479394367564652,5.82160911972907,0.6577852478355819,93.30041024711143,94.14045570936038,91.62031932261354,0.008784626994074016,AAPL,0.32597494
2022-08-18,2022-08-18,173.75,174.899994,173.119995,174.149994,173.861588,62290100,-0.4000090000000114,0.9599919999999997,5.659988999999996,16.799987999999985,27.799987999999985,1.0,1.0087846269940741,1.014235891426988,1.090869373503824,1.204873397006744,NaN,12036086.12063463,10210951.557665916,12987801.980770685,11434036.437449375,867449800.0,74.88431899063634,6.472648784330744,5.951817052649405,0.5208317316813389,88.65986747774912,93.04346124164977,79.89267994994782,-0.0022916585111717896,AAPL,0.32407182
2022-08-19,2022-08-19,173.029999,173.740005,171.309998,171.520004,171.235947,70346300,-2.6299899999999923,-1.5099950000000035,-0.5800020000000075,9.010008999999997,24.48001099999999,1.0,1.0176655721160082,1.0176655721160082,1.090869373503824,1.204873397006744,NaN,8632219.785393184,10483731.747712739,8684796.43845642,11413396.335436666,797103500.0,67.41945233029537,6.183801631833177,5.9982139684861595,0.18558766334701726,78.8124890955425,86.92425560680095,62.5889560730256,-0.015101866727598006,AAPL,0.32407182
2022-08-22,2022-08-22,169.690002,169.860001,167.139999,167.570007,167.292496,69026800,-3.949996999999996,-6.979996,-5.619994999999989,6.060012,22.700012000000015,1.0,1.039267092708303,1.0416542084407743,1.090869373503824,1.1997387930531724,NaN,4321006.1633065855,8750755.87723712,8725399.765419215,11364629.694180584,728076700.0,58.05842019278708,5.571926733074861,5.9129565214039,-0.3410297883290392,51.94936285372203,73.14057314233783,9.566942276490437,-0.0230293663006211,AAPL,0.32407182
2022-08-23,2022-08-23,167.080002,168.710007,166.649994,167.229996,166.953049,54147100,-0.34001100000000406,-6.9199979999999925,-5.800003000000004,7.220000999999996,21.36999499999999,1.0,1.0256533403253805,1.043772093374923,1.0587129756387754,1.1997387930531724,NaN,8995930.866971655,9486342.54193891,9054736.16740073,11552310.959604697,673929600.0,57.320634229879616,5.001916442217777,5.730748505566675,-0.7288320633488983,25.8190853172644,52.193645755509586,-26.93003555922597,-0.0020290683642449456,AAPL,0.32407182
2022-08-24,2022-08-24,167.320007,168.110001,166.25,167.529999,167.252548,53841500,0.3000030000000038,-3.9900049999999965,-7.020004,1.3999939999999924,22.039994000000007,1.0,1.0020331938535716,1.0413801241734169,1.0587129756387754,1.1868497633239385,NaN,8680362.891223684,7863296.254625028,7796220.774091623,11825287.937142748,727771100.0,57.82983353549325,4.522257149469738,5.489050234347287,-0.9667930848775494,8.759319552842333,28.842589241276197,-31.407219824025397,0.0017939544769229308,AAPL,0.32407182
2022-08-25,2022-08-25,168.779999,170.139999,168.350006,170.029999,169.748413,51218200,2.5,2.4599919999999997,-4.119994999999989,4.220000999999996,21.559998000000007,1.0,1.0167434256232357,1.0256533403253805,1.0587129756387754,1.1868497633239385,NaN,1610049.1431422227,9184624.0672659,8122853.861104113,12014653.882040955,778989300.0,61.9083203565826,4.294350214701666,5.250110230418163,-0.9557600157164972,19.07213536535167,17.88351341181941,21.449379272416188,0.014922700500941327,AAPL,0.3279761
2022-08-26,2022-08-26,170.570007,171.050003,163.559998,163.619995,163.349014,78961000,-6.410004000000015,-3.610001000000011,-7.900009000000011,-1.7300110000000188,13.449996999999996,1.0,1.0391761654802643,1.0391761654802643,1.0668011754920297,1.1868497633239385,NaN,15316298.154689118,12041114.538405487,9106809.820353778,12098884.222493382,700028300.0,48.86010492630838,3.5555128360121273,4.911190751536956,-1.3556779155248284,17.19588897127306,15.009114629822298,21.569437654174582,-0.03769925329470839,AAPL,0.32407182
