Instrument,Date,Open,Close,High,Low,Pre_Close,Change,Pct_Chg,Volume,AMount,Turnover_rate,Turnover_rate_f,Volume_ratio,Pe,Pe_ttm,Pb,Ps,Ps_ttm,Dv_ratio,Dv_ttm,Total_share,Float_share,Free_share,Total_mv,Circ_mv,Adj_factor,Ind_class
002750.SZ,2024-01-02,9.99,10.03,10.08,9.92,10.0,0.03,0.3,44593.0,44633.7,1.1184,2.5456,0.91,,,7.2198,32.6678,44.027,0.0,,40050.0,39873.6,17517.8,401702.0,399932.0,6.155,中成药
002750.SZ,2024-01-03,10.1,11.03,11.03,9.99,10.03,1.0,9.9701,462047.0,505635.0,11.5878,26.3758,9.19,,,7.9396,35.9248,48.4165,0.0,,40050.0,39873.6,17517.8,441752.0,439806.0,6.155,中成药
002750.SZ,2024-01-04,10.75,10.83,11.35,10.62,11.03,-0.2,-1.8132,409070.0,446998.0,10.2592,23.3516,3.11,,,7.7957,35.2734,47.5386,0.0,,40050.0,39873.6,17517.8,433742.0,431831.0,6.155,中成药
002750.SZ,2024-01-05,10.72,11.05,11.23,10.66,10.83,0.22,2.0314,328157.0,358824.0,8.2299,18.7327,1.6,,,7.954,35.99,48.5043,0.0,,40050.0,39873.6,17517.8,442552.0,440604.0,6.155,中成药
002750.SZ,2024-01-08,10.87,10.54,11.01,10.5,11.05,-0.51,-4.6154,210311.0,225841.0,5.2744,12.0055,0.81,,,7.5869,34.3289,46.2656,0.0,,40050.0,39873.6,17517.8,422127.0,420268.0,6.155,中成药
002750.SZ,2024-01-09,10.59,10.4,10.65,10.25,10.54,-0.14,-1.3283,150459.0,156613.0,3.7734,8.5889,0.52,,,7.4861,33.8729,45.6511,0.0,,40050.0,39873.6,17517.8,416520.0,414686.0,6.155,中成药
002750.SZ,2024-01-10,10.3,10.15,10.31,9.81,10.4,-0.25,-2.4038,146180.0,147367.0,3.6661,8.3447,0.47,,,7.3062,33.0587,44.5537,0.0,,40050.0,39873.6,17517.8,406508.0,404717.0,6.155,中成药
002750.SZ,2024-01-11,10.2,10.45,10.79,10.16,10.15,0.3,2.9557,146272.0,151549.0,3.6684,8.3499,0.59,,,7.5221,34.0358,45.8706,0.0,,40050.0,39873.6,17517.8,418522.0,416679.0,6.155,中成药
002750.SZ,2024-01-12,10.26,10.85,11.5,10.2,10.45,0.4,3.8278,318878.0,346653.0,7.9972,18.203,1.62,,,7.8101,35.3386,47.6264,0.0,,40050.0,39873.6,17517.8,434542.0,432629.0,6.155,中成药
002750.SZ,2024-01-15,10.61,10.82,11.06,10.61,10.85,-0.03,-0.2765,209068.0,227061.0,5.2433,11.9346,1.08,,,7.7885,35.2409,47.4947,0.0,,40050.0,39873.6,17517.8,433341.0,431433.0,6.155,中成药
002750.SZ,2024-01-16,10.71,10.57,10.87,10.44,10.82,-0.25,-2.3105,148588.0,157761.0,3.7265,8.4821,0.77,,,7.6085,34.4266,46.3973,0.0,,40050.0,39873.6,17517.8,423328.0,421464.0,6.155,中成药
002750.SZ,2024-01-17,10.56,10.65,11.08,10.48,10.57,0.08,0.7569,186804.0,201875.0,4.6849,10.6636,0.96,,,7.6661,34.6872,46.7485,0.0,,40050.0,39873.6,17517.8,426532.0,424654.0,6.155,中成药
002750.SZ,2024-01-18,10.41,10.27,10.64,9.9,10.65,-0.38,-3.5681,185192.0,189792.0,4.6445,10.5716,0.92,,,7.3926,33.4495,45.0805,0.0,,40050.0,39873.6,17517.8,411314.0,409502.0,6.155,中成药
002750.SZ,2024-01-19,10.25,9.73,10.26,9.73,10.27,-0.54,-5.258,131392.0,130796.0,3.2952,7.5005,0.63,,,7.0039,31.6907,42.7101,0.0,,40050.0,39873.6,17517.8,389686.0,387970.0,6.155,中成药
002750.SZ,2024-01-22,9.66,8.93,9.68,8.8,9.73,-0.8,-8.222,139898.0,129309.0,3.5085,7.986,0.81,,,6.428,29.0851,39.1985,0.0,,40050.0,39873.6,17517.8,357646.0,356071.0,6.155,中成药
002750.SZ,2024-01-23,8.94,8.95,8.99,8.63,8.93,0.02,0.224,82262.6,72703.0,2.0631,4.6959,0.52,,,6.4424,29.1502,39.2863,0.0,,40050.0,39873.6,17517.8,358448.0,356869.0,6.155,中成药
002750.SZ,2024-01-24,8.95,9.02,9.14,8.66,8.95,0.07,0.7821,80700.8,71973.2,2.0239,4.6068,0.56,,,6.4928,29.3782,39.5935,0.0,,40050.0,39873.6,17517.8,361251.0,359660.0,6.155,中成药
002750.SZ,2024-01-25,9.13,9.4,9.46,9.0,9.02,0.38,4.2129,120829.0,111716.0,3.0303,6.8975,0.98,,,6.7663,30.6159,41.2616,0.0,,40050.0,39873.6,17517.8,376470.0,374812.0,6.155,中成药
002750.SZ,2024-01-26,9.32,9.21,9.5,9.16,9.4,-0.19,-2.0213,95027.7,88699.2,2.3832,5.4246,0.86,,,6.6296,29.9971,40.4276,0.0,,40050.0,39873.6,17517.8,368860.0,367236.0,6.155,中成药
002750.SZ,2024-01-29,9.22,8.87,9.3,8.86,9.21,-0.34,-3.6916,67861.3,61182.5,1.7019,3.8738,0.65,,,6.3848,28.8897,38.9351,0.0,,40050.0,39873.6,17517.8,355244.0,353679.0,6.155,中成药
002750.SZ,2024-01-30,7.98,7.98,7.98,7.98,8.87,-0.89,-10.0338,32525.0,25954.9,0.8157,1.8567,0.36,,,5.7442,25.9909,35.0284,0.0,,40050.0,39873.6,17517.8,319599.0,318192.0,6.155,中成药
002750.SZ,2024-01-31,7.18,7.18,7.18,7.18,7.98,-0.8,-10.0251,11397.0,8183.05,0.2858,0.6506,0.14,,,5.1683,23.3853,31.5168,0.0,,40050.0,39873.6,17517.8,287559.0,286293.0,6.155,中成药
002750.SZ,2024-02-01,6.46,6.46,6.46,6.46,7.18,-0.72,-10.0279,17128.0,11064.7,0.4296,0.9777,0.26,,,4.65,21.0403,28.3564,0.0,,40050.0,39873.6,17517.8,258723.0,257584.0,6.155,中成药
002750.SZ,2024-02-02,5.81,5.81,5.81,5.81,6.46,-0.65,-10.0619,12014.0,6980.13,0.3013,0.6858,0.27,,,4.1822,18.9232,25.5032,0.0,,40050.0,39873.6,17517.8,232690.0,231666.0,6.155,中成药
002750.SZ,2024-02-05,5.23,5.23,5.23,5.23,5.81,-0.58,-9.9828,6801.0,3556.92,0.1706,0.3882,0.24,,,3.7647,17.0342,22.9572,0.0,,40050.0,39873.6,17517.8,209462.0,208539.0,6.155,中成药
002750.SZ,2024-02-06,4.71,5.75,5.75,4.71,5.23,0.52,9.9426,359065.0,182821.0,9.0051,20.4971,22.48,,,4.139,18.7278,25.2398,0.0,,40050.0,39873.6,17517.8,230288.0,229273.0,6.155,中成药
002750.SZ,2024-02-07,5.47,5.18,5.62,5.18,5.75,-0.57,-9.913,273529.0,146698.0,6.8599,15.6143,3.37,,,3.7287,16.8713,22.7378,0.0,,40050.0,39873.6,17517.8,207459.0,206545.0,6.155,中成药
002750.SZ,2024-02-08,4.66,5.22,5.3,4.66,5.18,0.04,0.7722,259320.0,130496.0,6.5035,14.8032,1.94,,,3.7575,17.0016,22.9133,0.0,,40050.0,39873.6,17517.8,209061.0,208140.0,6.155,中成药
002750.SZ,2024-02-19,5.08,5.74,5.74,5.04,5.22,0.52,9.9617,247466.0,132964.0,6.2063,14.1265,1.36,,,4.1318,18.6952,25.1959,0.0,,40050.0,39873.6,17517.8,229887.0,228875.0,6.155,中成药
002750.SZ,2024-02-20,5.69,6.31,6.31,5.58,5.74,0.57,9.9303,209454.0,129106.0,5.2529,11.9566,0.91,,,4.5421,20.5517,27.6979,0.0,,40050.0,39873.6,17517.8,252716.0,251603.0,6.155,中成药
002750.SZ,2024-02-21,6.38,6.21,6.92,6.11,6.31,-0.1,-1.5848,397202.0,255048.0,9.9615,22.6742,1.47,,,4.4701,20.226,27.259,0.0,,40050.0,39873.6,17517.8,248710.0,247615.0,6.155,中成药
002750.SZ,2024-02-22,6.18,6.83,6.83,6.04,6.21,0.62,9.9839,329290.0,212250.0,8.2583,18.7974,1.19,,,4.9164,22.2454,29.9805,0.0,,40050.0,39873.6,17517.8,273542.0,272337.0,6.155,中成药
002750.SZ,2024-02-23,6.88,7.13,7.35,6.83,6.83,0.3,4.3924,355500.0,252079.0,8.9157,20.2936,1.23,,,5.1323,23.2225,31.2973,0.0,,40050.0,39873.6,17517.8,285556.0,284299.0,6.155,中成药
002750.SZ,2024-02-26,6.97,7.23,7.56,6.97,7.13,0.1,1.4025,268676.0,195035.0,6.7382,15.3373,0.87,,,5.2043,23.5482,31.7363,0.0,,40050.0,39873.6,17517.8,289562.0,288286.0,6.155,中成药
002750.SZ,2024-02-27,7.14,7.31,7.5,7.05,7.23,0.08,1.1065,256787.0,185402.0,6.44,14.6586,0.82,,,5.2619,23.8087,32.0875,0.0,,40050.0,39873.6,17517.8,292766.0,291476.0,6.155,中成药
002750.SZ,2024-02-28,7.3,7.04,7.9,6.61,7.31,-0.27,-3.6936,346916.0,258871.0,8.7004,19.8036,1.08,,,5.0675,22.9294,30.9023,0.0,,40050.0,39873.6,17517.8,281952.0,280710.0,6.155,中成药
002750.SZ,2024-02-29,6.6,7.12,7.2,6.6,7.04,0.08,1.1364,253553.0,177937.0,6.3589,14.474,0.81,,,5.1251,23.1899,31.2534,0.0,,40050.0,39873.6,17517.8,285156.0,283900.0,6.155,中成药
002750.SZ,2024-03-01,6.71,6.76,7.1,6.71,7.12,-0.36,-5.0562,282276.0,192182.0,7.0793,16.1136,0.95,,,4.866,22.0174,29.6732,0.0,,40050.0,39873.6,17517.8,270738.0,269546.0,6.155,中成药
002750.SZ,2024-03-04,6.7,6.9,7.1,6.51,6.76,0.14,2.071,229974.0,158105.0,5.7676,13.128,0.82,,,4.9668,22.4734,30.2877,0.0,,40050.0,39873.6,17517.8,276345.0,275128.0,6.155,中成药
002750.SZ,2024-03-05,6.82,6.57,6.88,6.5,6.9,-0.33,-4.7826,191833.0,127172.0,4.811,10.9507,0.7,,,4.7292,21.3986,28.8392,0.0,,40050.0,39873.6,17517.8,263128.0,261970.0,6.155,中成药
002750.SZ,2024-03-06,6.62,6.45,6.69,6.35,6.57,-0.12,-1.8265,131093.0,84662.9,3.2877,7.4834,0.5,,,4.6428,21.0077,28.3125,0.0,,40050.0,39873.6,17517.8,258322.0,257185.0,6.155,中成药
002750.SZ,2024-03-07,6.5,6.65,6.9,6.45,6.45,0.2,3.1008,201017.0,133431.0,5.0414,11.475,0.92,,,4.7868,21.6591,29.1904,0.0,,40050.0,39873.6,17517.8,266332.0,265160.0,6.155,中成药
002750.SZ,2024-03-08,6.56,6.67,6.9,6.53,6.65,0.02,0.3008,147026.0,98399.4,3.6873,8.3929,0.71,,,4.8012,21.7243,29.2782,0.0,,40050.0,39873.6,17517.8,267134.0,265957.0,6.155,中成药
002750.SZ,2024-03-11,6.6,6.68,6.7,6.54,6.67,0.01,0.1499,111221.0,73700.9,2.7893,6.349,0.62,,,4.8084,21.7568,29.322,0.0,,40050.0,39873.6,17517.8,267534.0,266356.0,6.155,中成药
002750.SZ,2024-03-12,6.81,7.35,7.35,6.81,6.68,0.67,10.0299,166384.0,120707.0,4.1728,9.498,1.06,,,5.2907,23.939,32.263,0.0,,40050.0,39873.6,17517.8,294368.0,293071.0,6.155,中成药
002750.SZ,2024-03-13,7.35,7.65,8.01,7.21,7.35,0.3,4.0816,481444.0,368211.0,12.0743,27.4831,3.18,,,5.5066,24.9161,33.5799,0.0,,40050.0,39873.6,17517.8,306382.0,305033.0,6.155,中成药
002750.SZ,2024-03-14,7.65,7.38,7.99,7.36,7.65,-0.27,-3.5294,308772.0,236620.0,7.7438,17.6261,1.39,,,5.3123,24.0367,32.3947,0.0,,40050.0,39873.6,17517.8,295569.0,294267.0,6.155,中成药
002750.SZ,2024-03-15,7.32,7.58,7.86,7.17,7.38,0.2,2.71,239572.0,181726.0,6.0083,13.6759,0.99,,,5.4562,24.6881,33.2726,0.0,,40050.0,39873.6,17517.8,303579.0,302242.0,6.155,中成药
002750.SZ,2024-03-18,7.46,7.96,8.1,7.46,7.58,0.38,5.0132,350005.0,273456.0,8.7778,19.9799,1.34,,,5.7298,25.9258,34.9406,0.0,,40050.0,39873.6,17517.8,318798.0,317394.0,6.155,中成药
002750.SZ,2024-03-19,7.94,8.48,8.7,7.82,7.96,0.52,6.5327,412976.0,337762.0,10.3571,23.5746,1.34,,,6.1041,27.6195,37.2232,0.0,,40050.0,39873.6,17517.8,339624.0,338128.0,6.155,中成药
002750.SZ,2024-03-20,8.26,8.81,9.05,8.25,8.48,0.33,3.8915,362593.0,314514.0,9.0935,20.6985,1.01,,,6.3416,28.6943,38.6717,0.0,,40050.0,39873.6,17517.8,352840.0,351287.0,6.155,中成药
002750.SZ,2024-03-21,8.7,8.61,9.03,8.6,8.81,-0.2,-2.2701,261722.0,229206.0,6.5638,14.9403,0.78,,,6.1977,28.0429,37.7938,0.0,,40050.0,39873.6,17517.8,344830.0,343312.0,6.155,中成药
002750.SZ,2024-03-22,8.5,8.05,8.5,8.01,8.61,-0.56,-6.5041,245186.0,199781.0,6.1491,13.9963,0.75,,,5.7946,26.2189,35.3357,0.0,,40050.0,39873.6,17517.8,322402.0,320983.0,6.155,中成药
002750.SZ,2024-03-25,8.16,7.61,8.18,7.58,8.05,-0.44,-5.4658,191476.0,150287.0,4.8021,10.9303,0.59,,,5.4778,24.7859,33.4043,0.0,,40050.0,39873.6,17517.8,304780.0,303438.0,6.155,中成药
002750.SZ,2024-03-26,7.5,7.49,7.75,7.36,7.61,-0.12,-1.5769,133840.0,100641.0,3.3566,7.6402,0.45,,,5.3915,24.395,32.8776,0.0,,40050.0,39873.6,17517.8,299974.0,298653.0,6.155,中成药
002750.SZ,2024-03-27,7.55,7.8,7.95,7.53,7.49,0.31,4.1389,213083.0,165403.0,5.344,12.1638,0.89,,,5.6146,25.4047,34.2383,0.0,,40050.0,39873.6,17517.8,312390.0,311014.0,6.155,中成药
002750.SZ,2024-03-28,7.35,7.69,7.83,7.33,7.8,-0.11,-1.4103,159812.0,121882.0,4.008,9.1228,0.76,,,5.5354,25.0464,33.7555,0.0,,40050.0,39873.6,17517.8,307984.0,306628.0,6.155,中成药
002750.SZ,2024-03-29,7.6,7.48,7.65,7.4,7.69,-0.21,-2.7308,105617.0,79160.6,2.6488,6.0291,0.56,,,5.3843,24.3624,32.8337,0.0,,40050.0,39873.6,17517.8,299574.0,298255.0,6.155,中成药
002750.SZ,2024-04-01,7.47,7.64,7.68,7.45,7.48,0.16,2.139,104512.0,79122.2,2.6211,5.966,0.65,,,5.4994,24.8836,33.536,0.0,,40050.0,39873.6,17517.8,305982.0,304634.0,6.155,中成药
002750.SZ,2024-04-02,7.7,7.52,7.77,7.45,7.64,-0.12,-1.5707,88565.0,66859.5,2.2211,5.0557,0.62,,,5.4131,24.4927,33.0093,0.0,,40050.0,39873.6,17517.8,301176.0,299850.0,6.155,中成药
002750.SZ,2024-04-03,7.45,7.22,7.5,7.12,7.52,-0.3,-3.9894,116388.0,84477.6,2.9189,6.644,0.87,,,5.1971,23.5156,31.6924,0.0,,40050.0,39873.6,17517.8,289161.0,287888.0,6.155,中成药
002750.SZ,2024-04-08,7.15,6.89,7.21,6.78,7.22,-0.33,-4.5706,115479.0,80091.1,2.8961,6.5921,1.0,,,4.9596,22.4408,30.2438,0.0,,40050.0,39873.6,17517.8,275944.0,274729.0,6.155,中成药
002750.SZ,2024-04-09,6.87,7.26,7.3,6.87,6.89,0.37,5.3701,104315.0,74500.7,2.6161,5.9548,0.98,,,5.2259,23.6459,31.868,0.0,,40050.0,39873.6,17517.8,290763.0,289482.0,6.155,中成药
002750.SZ,2024-04-10,7.25,7.57,7.88,7.09,7.26,0.31,4.27,192216.0,144456.0,4.8206,10.9726,1.82,,,5.449,24.6556,33.2287,0.0,,40050.0,39873.6,17517.8,303178.0,301843.0,6.155,中成药
002750.SZ,2024-04-11,7.33,7.09,7.34,7.06,7.57,-0.48,-6.3408,148535.0,106445.0,3.7251,8.4791,1.2,,,5.1035,23.0922,31.1218,0.0,,40050.0,39873.6,17517.8,283954.0,282704.0,6.155,中成药
002750.SZ,2024-04-12,7.05,6.77,7.05,6.75,7.09,-0.32,-4.5134,113614.0,77615.9,2.8493,6.4856,0.84,,,4.8732,22.05,29.7171,0.0,,40050.0,39873.6,17517.8,271138.0,269944.0,6.155,中成药
002750.SZ,2024-04-15,6.42,6.25,6.58,6.09,6.77,-0.52,-7.6809,152092.0,95305.6,3.8144,8.6821,1.13,,,4.4989,20.3563,27.4346,0.0,,40050.0,39873.6,17517.8,250312.0,249210.0,6.155,中成药
002750.SZ,2024-04-16,6.06,5.63,6.19,5.63,6.25,-0.62,-9.92,121809.0,70311.9,3.0549,6.9534,0.86,,,4.0526,18.337,24.713,0.0,,40050.0,39873.6,17517.8,225482.0,224488.0,6.155,中成药
002750.SZ,2024-04-17,5.63,6.04,6.11,5.6,5.63,0.41,7.2824,110680.0,66088.4,2.7758,6.3181,0.76,,,4.3477,19.6723,26.5128,0.0,,40050.0,39873.6,17517.8,241902.0,240837.0,6.155,中成药
002750.SZ,2024-04-18,6.05,5.95,6.15,5.87,6.04,-0.09,-1.4901,85922.8,51452.5,2.1549,4.9049,0.66,,,4.2829,19.3792,26.1177,0.0,,40050.0,39873.6,17517.8,238298.0,237248.0,6.155,中成药
002750.SZ,2024-04-19,5.92,5.96,6.17,5.82,5.95,0.01,0.1681,82906.4,49634.0,2.0792,4.7327,0.71,,,4.2901,19.4118,26.1616,0.0,,40050.0,39873.6,17517.8,238698.0,237647.0,6.155,中成药
002750.SZ,2024-04-22,5.89,5.75,5.95,5.57,5.96,-0.21,-3.5235,89266.1,51165.4,2.2387,5.0957,0.81,,,4.139,18.7278,25.2398,0.0,,40050.0,39873.6,17517.8,230288.0,229273.0,6.155,中成药
002750.SZ,2024-04-23,5.56,5.64,5.75,5.56,5.75,-0.11,-1.913,91512.0,51751.7,2.2951,5.2239,0.93,,,4.0598,18.3695,24.7569,0.0,,40050.0,39873.6,17517.8,225882.0,224887.0,6.155,中成药
002750.SZ,2024-04-24,5.64,5.72,5.76,5.58,5.64,0.08,1.4184,59552.0,33940.7,1.4935,3.3995,0.65,,,4.1174,18.6301,25.1081,0.0,,40050.0,39873.6,17517.8,229086.0,228077.0,6.155,中成药
002750.SZ,2024-04-25,5.76,5.83,6.02,5.74,5.72,0.11,1.9231,81797.0,48179.4,2.0514,4.6694,1.0,,,4.1966,18.9884,25.5909,0.0,,40050.0,39873.6,17517.8,233492.0,232463.0,6.155,中成药
002750.SZ,2024-04-26,5.65,5.75,5.83,5.62,5.83,-0.08,-1.3722,108274.0,62058.9,2.7154,6.1808,1.34,,,4.139,18.7278,25.2398,0.0,,40050.0,39873.6,17517.8,230288.0,229273.0,6.155,中成药
002750.SZ,2024-04-29,5.62,5.87,5.93,5.55,5.75,0.12,2.087,123117.0,71664.3,3.0877,7.0281,1.43,,,4.2254,19.1187,25.7665,0.0,,40050.0,39873.6,17517.8,235094.0,234058.0,6.155,中成药
002750.SZ,2024-05-06,5.58,5.58,5.58,5.58,5.87,-0.29,-4.9404,1362.0,759.996,0.0342,0.0777,0.01,,,4.4044,25.7992,24.4354,0.0,,40050.0,39873.6,17517.8,223479.0,222495.0,6.155,中成药
002750.SZ,2024-05-07,5.3,5.3,5.3,5.3,5.58,-0.28,-5.0179,898.0,475.94,0.0225,0.0513,0.01,,,4.1834,24.5046,23.2092,0.0,,40050.0,39873.6,17517.8,212265.0,211330.0,6.155,中成药
002750.SZ,2024-05-08,5.04,5.04,5.04,5.04,5.3,-0.26,-4.9057,1431.0,721.224,0.0359,0.0817,0.02,,,3.9782,23.3025,22.0707,0.0,,40050.0,39873.6,17517.8,201852.0,200963.0,6.155,中成药
002750.SZ,2024-05-09,4.79,4.79,4.79,4.79,5.04,-0.25,-4.9603,1945.0,931.655,0.0488,0.111,0.04,,,3.7809,22.1466,20.9759,0.0,,40050.0,39873.6,17517.8,191840.0,190995.0,6.155,中成药
002750.SZ,2024-05-10,4.55,4.55,4.55,4.55,4.79,-0.24,-5.0104,1359.0,618.345,0.0341,0.0776,0.05,,,3.5914,21.037,19.9249,0.0,,40050.0,39873.6,17517.8,182228.0,181425.0,6.155,中成药
002750.SZ,2024-05-13,4.32,4.32,4.32,4.32,4.55,-0.23,-5.0549,928.0,400.896,0.0233,0.053,0.66,,,3.4099,19.9736,18.9177,0.0,,40050.0,39873.6,17517.8,173016.0,172254.0,6.155,中成药
002750.SZ,2024-05-14,4.1,4.1,4.1,4.1,4.32,-0.22,-5.0926,888.0,364.08,0.0223,0.0507,0.68,,,3.2362,18.9564,17.9543,0.0,,40050.0,39873.6,17517.8,164205.0,163482.0,6.155,中成药
002750.SZ,2024-05-15,3.9,3.9,3.9,3.9,4.1,-0.2,-4.878,13642.0,5320.38,0.3421,0.7787,10.41,,,3.0784,18.0317,17.0785,0.0,,40050.0,39873.6,17517.8,156195.0,155507.0,6.155,中成药
002750.SZ,2024-05-16,3.8,3.86,4.03,3.71,3.9,-0.04,-1.0256,366956.0,138753.0,9.203,20.9476,97.79,,,3.0468,17.8467,16.9033,0.0,,40050.0,39873.6,17517.8,154593.0,153912.0,6.155,中成药
002750.SZ,2024-05-17,3.69,3.67,3.73,3.67,3.86,-0.19,-4.9223,172931.0,63645.6,4.337,9.8717,2.25,,,2.8968,16.9683,16.0713,0.0,,40050.0,39873.6,17517.8,146984.0,146336.0,6.155,中成药
002750.SZ,2024-05-20,3.51,3.49,3.55,3.49,3.67,-0.18,-4.9046,48410.0,16948.6,1.2141,2.7635,0.44,,,2.7547,16.136,15.2831,0.0,,40050.0,39873.6,17517.8,139774.0,139159.0,6.155,中成药
002750.SZ,2024-05-21,3.32,3.32,3.32,3.32,3.49,-0.17,-4.8711,15685.0,5207.42,0.3934,0.8954,0.13,,,2.6206,15.35,14.5386,0.0,,40050.0,39873.6,17517.8,132966.0,132380.0,6.155,中成药
002750.SZ,2024-05-22,3.15,3.15,3.15,3.15,3.32,-0.17,-5.1205,7066.0,2225.79,0.1772,0.4034,0.06,,,2.4864,14.5641,13.7942,0.0,,40050.0,39873.6,17517.8,126158.0,125602.0,6.155,中成药
002750.SZ,2024-05-23,2.99,2.99,3.23,2.99,3.15,-0.16,-5.0794,303995.0,92351.7,7.624,17.3534,2.49,,,2.3601,13.8243,13.0935,0.0,,40050.0,39873.6,17517.8,119750.0,119222.0,6.155,中成药
002750.SZ,2024-05-24,2.88,3.04,3.12,2.85,2.99,0.05,1.6722,273073.0,80142.7,6.8485,15.5883,2.49,,,2.3995,14.0555,13.3125,0.0,,40050.0,39873.6,17517.8,121752.0,121216.0,6.155,中成药
002750.SZ,2024-05-27,3.04,2.89,3.05,2.89,3.04,-0.15,-4.9342,151683.0,44374.1,3.8041,8.6588,1.17,,,2.2812,13.3619,12.6556,0.0,,40050.0,39873.6,17517.8,115744.0,115235.0,6.155,中成药
002750.SZ,2024-05-28,2.83,2.75,2.86,2.75,2.89,-0.14,-4.8443,92838.0,25734.0,2.3283,5.2996,0.62,,,2.1706,12.7146,12.0425,0.0,,40050.0,39873.6,17517.8,110138.0,109652.0,6.155,中成药
002750.SZ,2024-05-29,2.61,2.61,2.64,2.61,2.75,-0.14,-5.0909,71032.0,18553.9,1.7814,4.0548,0.43,,,2.0601,12.0674,11.4295,0.0,,40050.0,39873.6,17517.8,104530.0,104070.0,6.155,中成药
002750.SZ,2024-05-30,2.48,2.48,2.51,2.48,2.61,-0.13,-4.9808,74513.0,18496.5,1.8687,4.2536,0.42,,,1.9575,11.4663,10.8602,0.0,,40050.0,39873.6,17517.8,99324.0,98886.6,6.155,中成药
002750.SZ,2024-05-31,2.37,2.36,2.46,2.36,2.48,-0.12,-4.8387,175356.0,41587.5,4.3978,10.0101,1.32,,,1.8628,10.9115,10.3347,0.0,,40050.0,39873.6,17517.8,94518.0,94101.7,6.155,中成药
002750.SZ,2024-06-03,2.25,2.24,2.29,2.24,2.36,-0.12,-5.0847,44335.0,9958.22,1.1119,2.5308,0.39,,,1.7681,10.3567,9.8092,0.0,,40050.0,39873.6,17517.8,89712.0,89316.9,6.155,中成药
002750.SZ,2024-06-04,2.13,2.13,2.13,2.13,2.24,-0.11,-4.9107,3877.0,825.801,0.0972,0.2213,0.04,,,1.6813,9.8481,9.3275,0.0,,40050.0,39873.6,17517.8,85306.5,84930.8,6.155,中成药
002750.SZ,2024-06-05,2.02,2.02,2.18,2.02,2.13,-0.11,-5.1643,221863.0,45652.3,5.5641,12.665,3.01,,,1.5944,9.3395,8.8458,0.0,,40050.0,39873.6,17517.8,80901.0,80544.7,6.155,中成药
002750.SZ,2024-06-06,1.92,1.92,1.95,1.92,2.02,-0.1,-4.9505,58614.0,11267.0,1.47,3.346,0.56,,,1.5155,8.8771,8.4079,0.0,,40050.0,39873.6,17517.8,76896.0,76557.4,6.155,中成药
002750.SZ,2024-06-07,1.91,1.82,1.96,1.82,1.92,-0.1,-5.2083,179799.0,33298.5,4.5092,10.2638,1.78,,,1.4366,8.4148,7.97,0.0,,40050.0,39873.6,17517.8,72891.0,72570.0,6.155,中成药
002750.SZ,2024-06-11,1.74,1.85,1.9,1.73,1.82,0.03,1.6484,167722.0,30019.8,4.2063,9.5743,1.65,,,1.4603,8.5535,8.1013,0.0,,40050.0,39873.6,17517.8,74092.5,73766.2,6.155,中成药
002750.SZ,2024-06-12,1.81,1.94,1.94,1.81,1.85,0.09,4.8649,132651.0,25418.5,3.3268,7.5723,1.05,,,1.5313,8.9696,8.4955,0.0,,40050.0,39873.6,17517.8,77697.0,77354.8,6.155,中成药
002750.SZ,2024-06-13,1.96,1.95,2.03,1.94,1.94,0.01,0.5155,151498.0,29954.4,3.7995,8.6482,1.0,,,1.5392,9.0158,8.5392,0.0,,40050.0,39873.6,17517.8,78097.5,77753.6,6.155,中成药
002750.SZ,2024-06-14,1.92,1.85,1.96,1.85,1.95,-0.1,-5.1282,123743.0,23386.3,3.1034,7.0638,0.9,,,1.4603,8.5535,8.1013,0.0,,40050.0,39873.6,17517.8,74092.5,73766.2,6.155,中成药
002750.SZ,2024-06-17,1.85,1.86,1.93,1.81,1.85,0.01,0.5405,67603.8,12679.8,1.6955,3.8591,0.45,,,1.4681,8.5997,8.1451,0.0,,40050.0,39873.6,17517.8,74493.0,74164.9,6.155,中成药
002750.SZ,2024-06-18,1.87,1.93,1.95,1.83,1.86,0.07,3.7634,120156.0,22783.4,3.0134,6.8591,0.93,,,1.5234,8.9234,8.4517,0.0,,40050.0,39873.6,17517.8,77296.5,76956.1,6.155,中成药
002750.SZ,2024-06-19,1.92,2.03,2.03,1.91,1.93,0.1,5.1813,108859.0,21654.5,2.7301,6.2142,0.91,,,1.6023,9.3857,8.8896,0.0,,40050.0,39873.6,17517.8,81301.5,80943.4,6.155,中成药
002750.SZ,2024-06-20,2.05,1.93,2.08,1.93,2.03,-0.1,-4.9261,150693.0,29853.6,3.7793,8.6023,1.32,,,1.5234,8.9234,8.4517,0.0,,40050.0,39873.6,17517.8,77296.5,76956.1,6.155,中成药
002750.SZ,2024-06-21,1.85,1.83,1.88,1.83,1.93,-0.1,-5.1813,115645.0,21326.7,2.9003,6.6016,1.01,,,1.4445,8.461,8.0138,0.0,,40050.0,39873.6,17517.8,73291.5,72968.7,6.155,中成药
002750.SZ,2024-06-24,1.77,1.74,1.8,1.74,1.83,-0.09,-4.918,52580.0,9200.85,1.3187,3.0015,0.47,,,1.3734,8.0449,7.6196,0.0,,40050.0,39873.6,17517.8,69687.0,69380.1,6.155,中成药
002750.SZ,2024-06-25,1.66,1.65,1.75,1.65,1.74,-0.09,-5.1724,94374.0,15657.5,2.3668,5.3873,0.86,,,1.3024,7.6288,7.2255,0.0,,40050.0,39873.6,17517.8,66082.5,65791.5,6.1547,中成药
002750.SZ,2024-06-26,1.59,1.61,1.64,1.57,1.65,-0.04,-2.4242,112505.0,17875.7,2.8215,6.4223,1.08,,,1.2708,7.4438,7.0504,0.0,,40050.0,39873.6,17517.8,64480.5,64196.5,6.155,中成药
002750.SZ,2024-06-27,1.6,1.53,1.67,1.53,1.61,-0.08,-4.9689,106804.0,17129.1,2.6786,6.0969,1.02,,,1.2077,7.074,6.7,0.0,,40050.0,39873.6,17517.8,61276.5,61006.6,6.155,中成药
002750.SZ,2024-06-28,1.51,1.48,1.58,1.45,1.53,-0.05,-3.268,115623.0,17497.0,2.8997,6.6003,1.2,,,1.1682,6.8428,6.4811,0.0,,40050.0,39873.6,17517.8,59274.0,59013.0,6.155,中成药
002750.SZ,2024-07-01,1.48,1.51,1.53,1.43,1.48,0.03,2.027,95734.0,14237.9,2.4009,5.4649,0.99,,,1.1919,6.9815,6.6124,0.0,,40050.0,39873.6,17517.8,60475.5,60209.2,6.155,中成药
002750.SZ,2024-07-02,1.53,1.59,1.59,1.52,1.51,0.08,5.298,63196.0,9918.07,1.5849,3.6075,0.6,,,1.255,7.3514,6.9628,0.0,,40050.0,39873.6,17517.8,63679.5,63399.1,6.155,中成药
002750.SZ,2024-07-03,1.62,1.67,1.67,1.61,1.59,0.08,5.0314,73646.0,12179.9,1.847,4.2041,0.75,,,1.3182,7.7213,7.3131,0.0,,40050.0,39873.6,17517.8,66883.5,66588.9,6.155,中成药
002750.SZ,2024-07-04,1.75,1.61,1.75,1.59,1.67,-0.06,-3.5928,179488.0,30162.3,4.5014,10.246,1.97,,,1.2708,7.4438,7.0504,0.0,,40050.0,39873.6,17517.8,64480.5,64196.5,6.155,中成药
002750.SZ,2024-07-05,1.6,1.69,1.69,1.57,1.61,0.08,4.9689,152181.0,25310.6,3.8166,8.6872,1.44,,,1.334,7.8137,7.4007,0.0,,40050.0,39873.6,17517.8,67684.5,67386.4,6.155,中成药
002750.SZ,2024-07-08,1.7,1.61,1.7,1.61,1.69,-0.08,-4.7337,131845.0,21597.3,3.3066,7.5263,1.17,,,1.2708,7.4438,7.0504,0.0,,40050.0,39873.6,17517.8,64480.5,64196.5,6.155,中成药
002750.SZ,2024-07-09,1.56,1.57,1.62,1.53,1.61,-0.04,-2.4845,87127.2,13583.4,2.1851,4.9736,0.73,,,1.2392,7.2589,6.8752,0.0,,40050.0,39873.6,17517.8,62878.5,62601.6,6.155,中成药
002750.SZ,2024-07-10,1.55,1.49,1.59,1.49,1.57,-0.08,-5.0955,75047.4,11455.2,1.8821,4.2841,0.6,,,1.1761,6.889,6.5249,0.0,,40050.0,39873.6,17517.8,59674.5,59411.7,6.155,中成药
002750.SZ,2024-07-11,1.52,1.56,1.56,1.52,1.49,0.07,4.698,70264.1,10921.5,1.7622,4.011,0.56,,,1.2313,7.2127,6.8314,0.0,,40050.0,39873.6,17517.8,62478.0,62202.8,6.155,中成药
002750.SZ,2024-07-12,1.58,1.64,1.64,1.57,1.56,0.08,5.1282,144647.0,23498.4,3.6276,8.2572,1.4,,,1.2945,7.5826,7.1817,0.0,,40050.0,39873.6,17517.8,65682.0,65392.7,6.155,中成药
002750.SZ,2024-07-15,1.64,1.72,1.72,1.6,1.64,0.08,4.878,129768.0,21597.0,3.2545,7.4078,1.27,,,1.3576,7.9524,7.5321,0.0,,40050.0,39873.6,17517.8,68886.0,68582.6,6.155,中成药
002750.SZ,2024-07-16,1.76,1.81,1.81,1.72,1.72,0.09,5.2326,137514.0,24548.6,3.4488,7.85,1.36,,,1.4287,8.3686,7.9262,0.0,,40050.0,39873.6,17517.8,72490.5,72171.2,6.155,中成药
002750.SZ,2024-07-17,1.86,1.9,1.9,1.86,1.81,0.09,4.9724,92639.5,17517.7,2.3233,5.2883,0.83,,,1.4997,8.7847,8.3203,0.0,,40050.0,39873.6,17517.8,76095.0,75759.9,6.155,中成药
002750.SZ,2024-07-18,1.9,1.96,2.0,1.81,1.9,0.06,3.1579,279202.0,53821.9,7.0022,15.9381,2.43,,,1.5471,9.0621,8.583,0.0,,40050.0,39873.6,17517.8,78498.0,78152.3,6.155,中成药
002750.SZ,2024-07-19,1.91,2.06,2.06,1.87,1.96,0.1,5.102,199170.0,39460.1,4.995,11.3696,1.27,,,1.626,9.5244,9.021,0.0,,40050.0,39873.6,17517.8,82503.0,82139.7,6.155,中成药
002750.SZ,2024-07-22,2.06,2.16,2.16,2.06,2.06,0.1,4.8544,143270.0,30470.2,3.5931,8.1785,0.85,,,1.7049,9.9868,9.4589,0.0,,40050.0,39873.6,17517.8,86508.0,86127.0,6.155,中成药
002750.SZ,2024-07-23,2.23,2.05,2.27,2.05,2.16,-0.11,-5.0926,234676.0,50415.7,5.8855,13.3964,1.38,,,1.6181,9.4782,8.9772,0.0,,40050.0,39873.6,17517.8,82102.5,81740.9,6.155,中成药
002750.SZ,2024-07-24,2.07,2.15,2.15,2.05,2.05,0.1,4.878,201929.0,42696.7,5.0642,11.5271,1.06,,,1.6971,9.9405,9.4151,0.0,,40050.0,39873.6,17517.8,86107.5,85728.3,6.155,中成药
002750.SZ,2024-07-25,2.15,2.26,2.26,2.12,2.15,0.11,5.1163,224942.0,49546.7,5.6414,12.8407,1.06,,,1.7839,10.4491,9.8968,0.0,,40050.0,39873.6,17517.8,90513.0,90114.4,6.155,中成药
002750.SZ,2024-07-26,2.2,2.15,2.3,2.15,2.26,-0.11,-4.8673,188855.0,41556.6,4.7363,10.7807,0.94,,,1.6971,9.9405,9.4151,0.0,,40050.0,39873.6,17517.8,86107.5,85728.3,6.155,中成药
002750.SZ,2024-07-29,2.05,2.06,2.12,2.04,2.15,-0.09,-4.186,185870.0,38235.0,4.6615,10.6103,0.94,,,1.626,9.5244,9.021,0.0,,40050.0,39873.6,17517.8,82503.0,82139.7,6.155,中成药
002750.SZ,2024-07-30,2.06,2.16,2.16,2.05,2.06,0.1,4.8544,182991.0,39016.2,4.5893,10.446,0.88,,,1.7049,9.9868,9.4589,0.0,,40050.0,39873.6,17517.8,86508.0,86127.0,6.155,中成药
002750.SZ,2024-07-31,2.16,2.09,2.21,2.07,2.16,-0.07,-3.2407,175746.0,37080.1,4.4076,10.0324,0.89,,,1.6497,9.6631,9.1523,0.0,,40050.0,39873.6,17517.8,83704.5,83335.9,6.155,中成药
002750.SZ,2024-08-01,2.06,2.13,2.18,2.06,2.09,0.04,1.9139,127540.0,27263.1,3.1986,7.2806,0.67,,,1.6813,9.8481,9.3275,0.0,,40050.0,39873.6,17517.8,85306.5,84930.8,6.155,中成药
002750.SZ,2024-08-02,2.13,2.15,2.21,2.11,2.13,0.02,0.939,161331.0,34915.9,4.0461,9.2095,0.94,,,1.6971,9.9405,9.4151,0.0,,40050.0,39873.6,17517.8,86107.5,85728.3,6.155,中成药
002750.SZ,2024-08-05,2.13,2.06,2.17,2.05,2.15,-0.09,-4.186,140799.0,29602.0,3.5311,8.0375,0.84,,,1.626,9.5244,9.021,0.0,,40050.0,39873.6,17517.8,82503.0,82139.7,6.155,中成药
002750.SZ,2024-08-06,2.16,2.16,2.16,2.16,2.06,0.1,4.8544,73244.0,15820.7,1.8369,4.1811,0.46,,,1.7049,9.9868,9.4589,0.0,,40050.0,39873.6,17517.8,86508.0,86127.0,6.155,中成药
002750.SZ,2024-08-07,2.16,2.27,2.27,2.13,2.16,0.11,5.0926,114874.0,25631.6,2.8809,6.5575,0.85,,,1.7918,10.4954,9.9406,0.0,,40050.0,39873.6,17517.8,90913.5,90513.1,6.155,中成药
002750.SZ,2024-08-08,2.37,2.38,2.38,2.36,2.27,0.11,4.8458,35624.5,8458.23,0.8934,2.0336,0.29,,,1.8786,11.004,10.4223,0.0,,40050.0,39873.6,17517.8,95319.0,94899.2,6.155,中成药
002750.SZ,2024-08-09,2.5,2.5,2.5,2.31,2.38,0.12,5.042,348198.0,85426.8,8.7325,19.8768,3.31,,,1.9733,11.5588,10.9478,0.0,,40050.0,39873.6,17517.8,100125.0,99684.0,6.155,中成药
002750.SZ,2024-08-12,2.38,2.38,2.43,2.38,2.5,-0.12,-4.8,62878.0,14980.2,1.5769,3.5894,0.44,,,1.8786,11.004,10.4223,0.0,,40050.0,39873.6,17517.8,95319.0,94899.2,6.155,中成药
002750.SZ,2024-08-13,2.26,2.26,2.26,2.26,2.38,-0.12,-5.042,14018.0,3168.07,0.3516,0.8002,0.11,,,1.7839,10.4491,9.8968,0.0,,40050.0,39873.6,17517.8,90513.0,90114.4,6.155,中成药
002750.SZ,2024-08-14,2.15,2.3,2.37,2.15,2.26,0.04,1.7699,229821.0,52146.7,5.7637,13.1192,2.0,,,1.8154,10.6341,10.0719,0.0,,40050.0,39873.6,17517.8,92115.0,91709.3,6.155,中成药
002750.SZ,2024-08-15,2.23,2.19,2.25,2.19,2.3,-0.11,-4.7826,167336.0,36787.0,4.1967,9.5523,1.21,,,1.7286,10.1255,9.5902,0.0,,40050.0,39873.6,17517.8,87709.5,87323.2,6.155,中成药
002750.SZ,2024-08-16,2.16,2.12,2.23,2.09,2.19,-0.07,-3.1963,136535.0,29237.3,3.4242,7.7941,0.83,,,1.6734,9.8018,9.2837,0.0,,40050.0,39873.6,17517.8,84906.0,84532.1,6.155,中成药
002750.SZ,2024-08-19,2.07,2.1,2.15,2.01,2.12,-0.02,-0.9434,91183.0,18945.5,2.2868,5.2052,0.75,,,1.6576,9.7094,9.1961,0.0,,40050.0,39873.6,17517.8,84105.0,83734.6,6.155,中成药
002750.SZ,2024-08-20,2.1,2.15,2.19,2.08,2.1,0.05,2.381,106433.0,22763.1,2.6693,6.0757,0.83,,,1.6971,9.9405,9.4151,0.0,,40050.0,39873.6,17517.8,86107.5,85728.3,6.155,中成药
002750.SZ,2024-08-21,2.16,2.06,2.16,2.04,2.15,-0.09,-4.186,107741.0,22286.7,2.7021,6.1504,0.74,,,1.626,9.5244,9.021,0.0,,40050.0,39873.6,17517.8,82503.0,82139.7,6.155,中成药
002750.SZ,2024-08-22,2.08,2.15,2.16,2.06,2.06,0.09,4.3689,170867.0,36476.7,4.2852,9.7539,1.4,,,1.6971,9.9405,9.4151,0.0,,40050.0,39873.6,17517.8,86107.5,85728.3,6.155,中成药
002750.SZ,2024-08-23,2.11,2.04,2.11,2.04,2.15,-0.11,-5.1163,113355.0,23283.5,2.8429,6.4708,0.92,,,1.6102,9.432,8.9334,0.0,,40050.0,39873.6,17517.8,81702.0,81342.2,6.155,中成药
002750.SZ,2024-08-26,1.97,1.95,2.01,1.94,2.04,-0.09,-4.4118,133248.0,26100.9,3.3418,7.6064,1.13,,,1.5392,9.0158,8.5392,0.0,,40050.0,39873.6,17517.8,78097.5,77753.6,6.155,中成药
002750.SZ,2024-08-27,1.94,1.99,2.02,1.94,1.95,0.04,2.0513,94023.0,18692.6,2.358,5.3673,0.74,,,1.5708,9.2008,8.7144,0.0,,40050.0,39873.6,17517.8,79699.5,79348.5,6.155,中成药
002750.SZ,2024-08-28,2.02,1.97,2.04,1.91,1.99,-0.02,-1.005,117094.0,23249.0,2.9366,6.6843,0.95,,,1.5542,9.1083,9.5743,0.0,,40050.0,39873.6,17517.8,78898.5,78551.0,6.155,中成药
002750.SZ,2024-08-29,1.92,1.99,2.02,1.91,1.97,0.02,1.0152,101415.0,19965.3,2.5434,5.7892,0.81,,,1.5699,9.2008,9.6715,0.0,,40050.0,39873.6,17517.8,79699.5,79348.5,6.155,中成药
002750.SZ,2024-08-30,1.98,2.09,2.09,1.98,1.99,0.1,5.0251,152225.0,31472.4,3.8177,8.6897,1.36,,,1.6488,9.6631,10.1576,0.0,,40050.0,39873.6,17517.8,83704.5,83335.9,6.155,中成药
002750.SZ,2024-09-02,2.09,2.19,2.19,2.06,2.09,0.1,4.7847,193732.0,41713.5,4.8587,11.0591,1.62,,,1.7277,10.1255,10.6436,0.0,,40050.0,39873.6,17517.8,87709.5,87323.2,6.155,中成药
002750.SZ,2024-09-03,2.25,2.3,2.3,2.22,2.19,0.11,5.0228,57599.0,13157.6,1.4445,3.288,0.44,,,1.8145,10.6341,11.1782,0.0,,40050.0,39873.6,17517.8,92115.0,91709.3,6.155,中成药
002750.SZ,2024-09-04,2.42,2.2,2.42,2.19,2.3,-0.1,-4.3478,335684.0,78592.9,8.4187,19.1624,2.7,,,1.7356,10.1717,10.6922,0.0,,40050.0,39873.6,17517.8,88110.0,87722.0,6.155,中成药
002750.SZ,2024-09-05,2.09,2.27,2.3,2.09,2.2,0.07,3.1818,253128.0,55381.8,6.3482,14.4497,1.51,,,1.7908,10.4954,11.0324,0.0,,40050.0,39873.6,17517.8,90913.5,90513.1,6.155,中成药
002750.SZ,2024-09-06,2.24,2.17,2.35,2.16,2.27,-0.1,-4.4053,188574.0,42102.8,4.7293,10.7647,0.95,,,1.7119,10.033,10.5464,0.0,,40050.0,39873.6,17517.8,86908.5,86525.8,6.155,中成药
002750.SZ,2024-09-09,2.18,2.11,2.2,2.07,2.17,-0.06,-2.765,128033.0,27030.9,3.211,7.3087,0.62,,,1.6646,9.7556,10.2548,0.0,,40050.0,39873.6,17517.8,84505.5,84133.3,6.155,中成药
002750.SZ,2024-09-10,2.11,2.12,2.14,2.05,2.11,0.01,0.4739,93193.0,19578.0,2.3372,5.3199,0.48,,,1.6725,9.8018,10.3034,0.0,,40050.0,39873.6,17517.8,84906.0,84532.1,6.155,中成药
002750.SZ,2024-09-11,2.11,2.05,2.11,2.03,2.12,-0.07,-3.3019,83406.0,17191.6,2.0918,4.7612,0.42,,,1.6173,9.4782,9.9631,0.0,,40050.0,39873.6,17517.8,82102.5,81740.9,6.155,中成药
002750.SZ,2024-09-12,2.04,2.13,2.15,2.04,2.05,0.08,3.9024,137659.0,29240.2,3.4524,7.8582,0.92,,,1.6804,9.8481,10.352,0.0,,40050.0,39873.6,17517.8,85306.5,84930.8,6.155,中成药
002750.SZ,2024-09-13,2.11,2.07,2.14,2.05,2.13,-0.06,-2.8169,118001.0,24622.7,2.9594,6.736,0.94,,,1.633,9.5707,10.0604,0.0,,40050.0,39873.6,17517.8,82903.5,82538.4,6.155,中成药
002750.SZ,2024-09-18,2.04,1.98,2.05,1.97,2.07,-0.09,-4.3478,86952.0,17397.2,2.1807,4.9636,0.78,,,1.562,9.1545,9.6229,0.0,,40050.0,39873.6,17517.8,79299.0,78949.8,6.155,中成药
002750.SZ,2024-09-19,1.98,2.02,2.04,1.98,1.98,0.04,2.0202,63029.0,12702.4,1.5807,3.598,0.61,,,1.5936,9.3395,9.8173,0.0,,40050.0,39873.6,17517.8,80901.0,80544.7,6.155,中成药
002750.SZ,2024-09-20,2.01,2.05,2.07,1.94,2.02,0.03,1.4851,87266.0,17447.7,2.1886,4.9816,0.89,,,1.6173,9.4782,9.9631,0.0,,40050.0,39873.6,17517.8,82102.5,81740.9,6.155,中成药
002750.SZ,2024-09-23,2.03,2.05,2.09,2.02,2.05,0.0,0.0,68844.0,14199.1,1.7266,3.9299,0.7,,,1.6173,9.4782,9.9631,0.0,,40050.0,39873.6,17517.8,82102.5,81740.9,6.155,中成药
002750.SZ,2024-09-24,2.06,2.08,2.08,2.04,2.05,0.03,1.4634,69606.0,14376.9,1.7457,3.9734,0.82,,,1.6409,9.6169,10.109,0.0,,40050.0,39873.6,17517.8,83304.0,82937.1,6.155,中成药
002750.SZ,2024-09-25,2.09,2.13,2.14,2.08,2.08,0.05,2.4038,85979.0,18183.7,2.1563,4.9081,1.14,,,1.6804,9.8481,10.352,0.0,,40050.0,39873.6,17517.8,85306.5,84930.8,6.155,中成药
002750.SZ,2024-09-26,2.11,2.13,2.14,2.09,2.13,0.0,0.0,84920.0,17972.0,2.1297,4.8476,1.13,,,1.6804,9.8481,10.352,0.0,,40050.0,39873.6,17517.8,85306.5,84930.8,6.155,中成药
002750.SZ,2024-09-27,2.16,2.17,2.19,2.1,2.13,0.04,1.8779,147148.0,31617.8,3.6904,8.3999,1.86,,,1.7119,10.033,10.5464,0.0,,40050.0,39873.6,17517.8,86908.5,86525.8,6.155,中成药
002750.SZ,2024-09-30,2.17,2.27,2.27,2.16,2.17,0.1,4.6083,215803.0,47956.0,5.4122,12.319,2.36,,,1.7908,10.4954,11.0324,0.0,,40050.0,39873.6,17517.8,90913.5,90513.1,6.155,中成药
002750.SZ,2024-10-08,2.38,2.26,2.38,2.21,2.27,-0.01,-0.4405,250248.0,57403.2,6.276,14.2853,2.07,,,1.7829,10.4491,10.9838,0.0,,40050.0,39873.6,17517.8,90513.0,90114.4,6.155,中成药
002750.SZ,2024-10-09,2.25,2.15,2.25,2.15,2.26,-0.11,-4.8673,89856.0,19459.3,2.2535,5.1294,0.57,,,1.6962,9.9405,10.4492,0.0,,40050.0,39873.6,17517.8,86107.5,85728.3,6.155,中成药
002750.SZ,2024-10-10,2.1,2.04,2.12,2.04,2.15,-0.11,-5.1163,135887.0,27873.9,3.4079,7.7571,0.86,,,1.6094,9.432,9.9145,0.0,,40050.0,39873.6,17517.8,81702.0,81342.2,6.155,中成药
002750.SZ,2024-10-11,2.01,2.02,2.12,1.97,2.04,-0.02,-0.9804,97131.2,19882.6,2.436,5.5447,0.58,,,1.5936,9.3395,9.8173,0.0,,40050.0,39873.6,17517.8,80901.0,80544.7,6.155,中成药
002750.SZ,2024-10-14,2.0,2.02,2.04,1.99,2.02,0.0,0.0,67337.0,13571.0,1.6888,3.8439,0.43,,,1.5936,9.3395,9.8173,0.0,,40050.0,39873.6,17517.8,80901.0,80544.7,6.155,中成药
002750.SZ,2024-10-15,2.02,2.11,2.12,2.0,2.02,0.09,4.4554,109288.0,22587.6,2.7409,6.2387,0.85,,,1.6646,9.7556,10.2548,0.0,,40050.0,39873.6,17517.8,84505.5,84133.3,6.155,中成药
002750.SZ,2024-10-16,2.11,2.05,2.12,2.04,2.11,-0.06,-2.8436,93339.7,19305.4,2.3409,5.3283,0.93,,,1.6173,9.4782,9.9631,0.0,,40050.0,39873.6,17517.8,82102.5,81740.9,6.155,中成药
002750.SZ,2024-10-17,2.05,2.01,2.07,2.0,2.05,-0.04,-1.9512,68832.0,14003.4,1.7263,3.9293,0.68,,,1.5857,9.2933,9.7687,0.0,,40050.0,39873.6,17517.8,80500.5,80146.0,6.155,中成药
002750.SZ,2024-10-18,2.04,2.03,2.04,2.0,2.01,0.02,0.995,68934.1,13967.9,1.7288,3.9351,0.79,,,1.6015,9.3857,9.8659,0.0,,40050.0,39873.6,17517.8,81301.5,80943.4,6.155,中成药
002750.SZ,2024-10-21,2.03,2.01,2.04,2.0,2.03,-0.02,-0.9852,87862.0,17756.2,2.2035,5.0156,1.08,,,1.5857,9.2933,9.7687,0.0,,40050.0,39873.6,17517.8,80500.5,80146.0,6.155,中成药
002750.SZ,2024-10-22,2.0,2.08,2.1,2.0,2.01,0.07,3.4826,108280.0,22301.0,2.7156,6.1811,1.26,,,1.6409,9.6169,10.109,0.0,,40050.0,39873.6,17517.8,83304.0,82937.1,6.155,中成药
002750.SZ,2024-10-23,2.09,2.11,2.12,2.04,2.08,0.03,1.4423,109928.0,22916.9,2.7569,6.2752,1.29,,,1.6646,9.7556,10.2548,0.0,,40050.0,39873.6,17517.8,84505.5,84133.3,6.155,中成药
002750.SZ,2024-10-24,2.11,2.21,2.22,2.09,2.11,0.1,4.7393,212774.0,46381.1,5.3362,12.1461,2.4,,,1.7435,10.218,10.7408,0.0,,40050.0,39873.6,17517.8,88510.5,88120.7,6.155,中成药
002750.SZ,2024-10-25,2.16,2.2,2.21,2.11,2.21,-0.01,-0.4525,184044.0,39691.9,4.6157,10.5061,1.57,,,1.7356,10.1717,10.6922,0.0,,40050.0,39873.6,17517.8,88110.0,87722.0,6.155,中成药
002750.SZ,2024-10-28,2.21,2.29,2.3,2.18,2.2,0.09,4.0909,138753.0,31419.2,3.4798,7.9207,0.99,,,1.8066,10.5878,11.1296,0.0,,40050.0,39873.6,17517.8,91714.5,91310.6,6.155,中成药
002750.SZ,2024-10-29,2.28,2.18,2.32,2.18,2.29,-0.11,-4.8035,163827.0,36488.5,4.1087,9.352,1.09,,,1.7198,10.0792,10.595,0.0,,40050.0,39873.6,17517.8,87309.0,86924.5,6.155,中成药
002750.SZ,2024-10-30,2.18,2.29,2.29,2.14,2.18,0.11,5.0459,203928.0,45963.5,5.1144,11.6412,1.26,,,1.8066,10.5878,11.1296,0.0,,40050.0,39873.6,17517.8,91714.5,91310.6,6.155,中成药
002750.SZ,2024-10-31,2.33,2.25,2.4,2.23,2.29,-0.04,-1.7467,255441.0,58636.8,6.4063,14.5818,1.41,,,1.7931,10.4029,14.4936,0.0,,40050.0,39873.6,17517.8,90112.5,89715.6,6.155,中成药
002750.SZ,2024-11-01,2.19,2.14,2.2,2.14,2.25,-0.11,-4.8889,169904.0,36608.7,4.2611,9.6989,0.9,,,1.7054,9.8943,13.7851,0.0,,40050.0,39873.6,17517.8,85707.0,85329.5,6.155,中成药
002750.SZ,2024-11-04,2.11,2.25,2.25,2.08,2.14,0.11,5.1402,196621.0,43150.9,4.9311,11.2241,1.06,,,1.7931,10.4029,14.4936,0.0,,40050.0,39873.6,17517.8,90112.5,89715.6,6.155,中成药
002750.SZ,2024-11-05,2.28,2.36,2.36,2.27,2.25,0.11,4.8889,166163.0,38907.9,4.1672,9.4854,0.84,,,1.8807,10.9115,15.2022,0.0,,40050.0,39873.6,17517.8,94518.0,94101.7,6.155,中成药
002750.SZ,2024-11-06,2.35,2.47,2.48,2.32,2.36,0.11,4.661,268701.0,65981.6,6.7388,15.3387,1.35,,,1.9684,11.4201,15.9108,0.0,,40050.0,39873.6,17517.8,98923.5,98487.8,6.155,中成药
002750.SZ,2024-11-07,2.5,2.59,2.59,2.5,2.47,0.12,4.8583,89777.1,22998.5,2.2515,5.1249,0.42,,,2.064,11.9749,16.6838,0.0,,40050.0,39873.6,17517.8,103730.0,103273.0,6.155,中成药
002750.SZ,2024-11-08,2.72,2.72,2.72,2.72,2.59,0.13,5.0193,10072.0,2739.58,0.2526,0.575,0.06,,,2.1676,12.5759,17.5212,0.0,,40050.0,39873.6,17517.8,108936.0,108456.0,6.155,中成药
002750.SZ,2024-11-11,2.86,2.86,2.86,2.68,2.72,0.14,5.1471,310130.0,87804.5,7.7778,17.7037,2.12,,,2.2792,13.2232,18.423,0.0,,40050.0,39873.6,17517.8,114543.0,114039.0,6.155,中成药
002750.SZ,2024-11-12,2.99,3.0,3.0,2.94,2.86,0.14,4.8951,137398.0,41123.0,3.4458,7.8433,0.81,,,2.3908,13.8705,19.3248,0.0,,40050.0,39873.6,17517.8,120150.0,119621.0,6.155,中成药
002750.SZ,2024-11-13,3.0,2.85,3.12,2.85,3.0,-0.15,-5.0,351577.0,103787.0,8.8173,20.0697,2.15,,,2.2712,13.177,18.3586,0.0,,40050.0,39873.6,17517.8,114142.0,113640.0,6.155,中成药
002750.SZ,2024-11-14,2.71,2.99,2.99,2.71,2.85,0.14,4.9123,347897.0,99153.9,8.725,19.8596,1.94,,,2.3828,13.8243,19.2604,0.0,,40050.0,39873.6,17517.8,119750.0,119222.0,6.155,中成药
002750.SZ,2024-11-15,2.84,2.84,2.89,2.84,2.99,-0.15,-5.0167,195552.0,55660.0,4.9043,11.163,0.85,,,2.2633,13.1308,18.2942,0.0,,40050.0,39873.6,17517.8,113742.0,113241.0,6.155,中成药
002750.SZ,2024-11-18,2.7,2.7,2.76,2.7,2.84,-0.14,-4.9296,44873.0,12136.6,1.1254,2.5616,0.17,,,2.1517,12.4835,17.3924,0.0,,40050.0,39873.6,17517.8,108135.0,107659.0,6.155,中成药
002750.SZ,2024-11-19,2.57,2.57,2.57,2.57,2.7,-0.13,-4.8148,23979.0,6162.6,0.6014,1.3688,0.11,,,2.0481,11.8824,16.5549,0.0,,40050.0,39873.6,17517.8,102928.0,102475.0,6.155,中成药
002750.SZ,2024-11-20,2.53,2.64,2.69,2.53,2.57,0.07,2.7237,176796.0,46307.2,4.4339,10.0923,0.92,,,2.1039,12.2061,17.0059,0.0,,40050.0,39873.6,17517.8,105732.0,105266.0,6.155,中成药
002750.SZ,2024-11-21,2.61,2.56,2.64,2.51,2.64,-0.08,-3.0303,158963.0,40502.8,3.9867,9.0744,1.01,,,2.0401,11.8362,16.4905,0.0,,40050.0,39873.6,17517.8,102528.0,102076.0,6.155,中成药
002750.SZ,2024-11-22,2.56,2.43,2.63,2.43,2.56,-0.13,-5.0781,130580.0,33138.9,3.2748,7.4541,1.09,,,1.9365,11.2351,15.6531,0.0,,40050.0,39873.6,17517.8,97321.5,96892.9,6.155,中成药
002750.SZ,2024-11-25,2.43,2.49,2.5,2.32,2.43,0.06,2.4691,113584.0,27511.9,2.8486,6.4839,1.06,,,1.9843,11.5125,16.0396,0.0,,40050.0,39873.6,17517.8,99724.5,99285.3,6.155,中成药
002750.SZ,2024-11-26,2.5,2.61,2.61,2.49,2.49,0.12,4.8193,135694.0,35184.7,3.4031,7.746,1.12,,,2.08,12.0674,16.8126,0.0,,40050.0,39873.6,17517.8,104530.0,104070.0,6.155,中成药
002750.SZ,2024-11-27,2.65,2.57,2.72,2.52,2.61,-0.04,-1.5326,193781.0,50666.0,4.8599,11.0619,1.35,,,2.0481,11.8824,16.5549,0.0,,40050.0,39873.6,17517.8,102928.0,102475.0,6.155,中成药
002750.SZ,2024-11-28,2.55,2.61,2.64,2.5,2.57,0.04,1.5564,132771.0,34220.2,3.3298,7.5792,0.91,,,2.08,12.0674,16.8126,0.0,,40050.0,39873.6,17517.8,104530.0,104070.0,6.155,中成药
002750.SZ,2024-11-29,2.6,2.54,2.6,2.48,2.61,-0.07,-2.682,122171.0,30851.4,3.064,6.9741,0.86,,,2.0242,11.7437,16.3617,0.0,,40050.0,39873.6,17517.8,101727.0,101279.0,6.155,中成药
002750.SZ,2024-12-02,2.54,2.56,2.59,2.49,2.54,0.02,0.7874,118323.0,29962.3,2.9675,6.7544,0.85,,,2.0401,11.8362,16.4905,0.0,,40050.0,39873.6,17517.8,102528.0,102076.0,6.155,中成药
002750.SZ,2024-12-03,2.57,2.69,2.69,2.55,2.56,0.13,5.0781,129923.0,33925.3,3.2584,7.4166,0.92,,,2.1437,12.4372,17.3279,0.0,,40050.0,39873.6,17517.8,107734.0,107260.0,6.155,中成药
002750.SZ,2024-12-04,2.76,2.82,2.82,2.71,2.69,0.13,4.8327,280177.0,78263.0,7.0266,15.9938,2.01,,,2.2473,13.0383,18.1654,0.0,,40050.0,39873.6,17517.8,112941.0,112444.0,6.155,中成药
002750.SZ,2024-12-05,2.77,2.72,2.79,2.68,2.82,-0.1,-3.5461,193405.0,52479.1,4.8504,11.0405,1.23,,,2.1676,12.5759,17.5212,0.0,,40050.0,39873.6,17517.8,108936.0,108456.0,6.155,中成药
002750.SZ,2024-12-06,2.76,2.78,2.81,2.69,2.72,0.06,2.2059,140456.0,38611.4,3.5225,8.0179,0.83,,,2.2155,12.8534,17.9077,0.0,,40050.0,39873.6,17517.8,111339.0,110849.0,6.155,中成药
002750.SZ,2024-12-09,2.78,2.9,2.91,2.76,2.78,0.12,4.3165,160776.0,45927.8,4.0321,9.1778,0.93,,,2.3111,13.4082,18.6807,0.0,,40050.0,39873.6,17517.8,116145.0,115634.0,6.155,中成药
002750.SZ,2024-12-10,2.9,2.8,2.97,2.76,2.9,-0.1,-3.4483,161506.0,45975.5,4.0504,9.2195,0.89,,,2.2314,12.9458,18.0365,0.0,,40050.0,39873.6,17517.8,112140.0,111646.0,6.155,中成药
002750.SZ,2024-12-11,2.79,2.78,2.84,2.75,2.8,-0.02,-0.7143,92606.0,25783.3,2.3225,5.2864,0.49,,,2.2155,12.8534,17.9077,0.0,,40050.0,39873.6,17517.8,111339.0,110849.0,6.155,中成药
002750.SZ,2024-12-12,2.78,2.81,2.83,2.74,2.78,0.03,1.0791,94708.7,26522.9,2.3752,5.4064,0.63,,,2.2394,12.9921,18.1009,0.0,,40050.0,39873.6,17517.8,112540.0,112045.0,6.155,中成药
002750.SZ,2024-12-13,2.78,2.69,2.8,2.67,2.81,-0.12,-4.2705,139666.0,37771.2,3.5027,7.9728,1.07,,,2.1437,12.4372,17.3279,0.0,,40050.0,39873.6,17517.8,107734.0,107260.0,6.155,中成药
002750.SZ,2024-12-16,2.67,2.7,2.76,2.66,2.69,0.01,0.3717,75699.0,20474.0,1.8985,4.3213,0.58,,,2.1517,12.4835,17.3924,0.0,,40050.0,39873.6,17517.8,108135.0,107659.0,6.155,中成药
002750.SZ,2024-12-17,2.72,2.57,2.73,2.57,2.7,-0.13,-4.8148,107939.0,28131.5,2.707,6.1617,0.96,,,2.0481,11.8824,16.5549,0.0,,40050.0,39873.6,17517.8,102928.0,102475.0,6.155,中成药
002750.SZ,2024-12-18,2.56,2.61,2.64,2.53,2.57,0.04,1.5564,55072.0,14302.8,1.3812,3.1438,0.54,,,2.08,12.0674,16.8126,0.0,,40050.0,39873.6,17517.8,104530.0,104070.0,6.155,中成药
002750.SZ,2024-12-19,2.61,2.57,2.61,2.51,2.61,-0.04,-1.5326,69795.0,17829.2,1.7504,3.9842,0.74,,,2.0481,11.8824,16.5549,0.0,,40050.0,39873.6,17517.8,102928.0,102475.0,6.155,中成药
002750.SZ,2024-12-20,2.59,2.7,2.7,2.58,2.57,0.13,5.0584,115636.0,31045.9,2.9001,6.601,1.29,,,2.1517,12.4835,17.3924,0.0,,40050.0,39873.6,17517.8,108135.0,107659.0,6.155,中成药
002750.SZ,2024-12-23,2.69,2.57,2.69,2.57,2.7,-0.13,-4.8148,96808.0,25273.7,2.4279,5.5263,1.14,,,2.0481,11.8824,16.5549,0.0,,40050.0,39873.6,17517.8,102928.0,102475.0,6.155,中成药
002750.SZ,2024-12-24,2.44,2.44,2.52,2.44,2.57,-0.13,-5.0584,79005.0,19361.8,1.9814,4.51,0.89,,,1.9445,11.2814,15.7175,0.0,,40050.0,39873.6,17517.8,97722.0,97291.6,6.155,中成药
002750.SZ,2024-12-25,2.4,2.32,2.43,2.32,2.44,-0.12,-4.918,60504.0,14122.8,1.5174,3.4539,0.73,,,1.8489,10.7265,14.9445,0.0,,40050.0,39873.6,17517.8,92916.0,92506.8,6.155,中成药
002750.SZ,2024-12-26,2.2,2.31,2.37,2.2,2.32,-0.01,-0.431,105045.0,23930.2,2.6344,5.9965,1.25,,,1.8409,10.6803,14.8801,0.0,,40050.0,39873.6,17517.8,92515.5,92108.1,6.155,中成药
002750.SZ,2024-12-27,2.35,2.31,2.4,2.26,2.31,0.0,0.0,67652.0,15768.2,1.6967,3.8619,0.74,,,1.8409,10.6803,14.8801,0.0,,40050.0,39873.6,17517.8,92515.5,92108.1,6.155,中成药
002750.SZ,2024-12-30,2.32,2.19,2.33,2.19,2.31,-0.12,-5.1948,84693.0,18666.0,2.124,4.8347,1.04,,,1.7453,10.1255,14.1071,0.0,,40050.0,39873.6,17517.8,87709.5,87323.2,6.155,中成药
002750.SZ,2024-12-31,2.18,2.19,2.27,2.15,2.19,0.0,0.0,70612.0,15638.8,1.7709,4.0309,0.89,,,1.7453,10.1255,14.1071,0.0,,40050.0,39873.6,17517.8,87709.5,87323.2,6.155,中成药
